president,speech_date,year,title,speech_type,is_sotu_series,delivery_mode,url,source_file,fk_grade,flesch_reading_ease,smog_index,gunning_fog,coleman_liau,word_count,sentence_count
Abraham Lincoln,1861-03-04,1861,"March 4, 1861: First Inaugural Address",Inaugural Address,False,written,https://millercenter.org/the-presidency/presidential-speeches/march-4-1861-first-inaugural-address,"Abraham_Lincoln_1861-03-04T13:03:58-04:56_March_4,_1861:_First_Inaugural_Address.json",13.61,44.93,15.02,17.16,10.65,3621,136
Abraham Lincoln,1861-12-03,1861,"December 3, 1861: First Annual Message",Annual Message,True,written,https://millercenter.org/the-presidency/presidential-speeches/december-3-1861-first-annual-message,"Abraham_Lincoln_1861-12-03T13:03:58-04:56_December_3,_1861:_First_Annual_Message.json",16.31,36.46,16.82,20.11,11.75,6976,213
Abraham Lincoln,1862-12-01,1862,"December 1, 1862: Second Annual Message",Annual Message,True,written,,"Abraham_Lincoln_1862-12-01T13:03:58-04:56_December_1,_1862:_Second_Annual_Message.json",13.46,45.21,15.03,17.1,11.44,8358,319
Abraham Lincoln,1863-12-08,1863,"December 8, 1863: Third Annual Message",Annual Message,True,written,https://millercenter.org/the-presidency/presidential-speeches/december-8-1863-third-annual-message,"Abraham_Lincoln_1863-12-08T13:03:58-04:56_December_8,_1863:_Third_Annual_Message.json",15.81,35.88,16.75,19.64,12.34,6112,201
Abraham Lincoln,1864-12-06,1864,"December 6, 1864: Fourth Annual Message",Annual Message,True,written,https://millercenter.org/the-presidency/presidential-speeches/december-6-1864-fourth-annual-message,"Abraham_Lincoln_1864-12-06T13:03:58-04:56_December_6,_1864:_Fourth_Annual_Message.json",14.74,39.82,16.09,18.6,12.04,5863,207
Abraham Lincoln,1865-03-04,1865,"March 4, 1865: Second Inaugural Address",Inaugural Address,False,written,https://millercenter.org/the-presidency/presidential-speeches/march-4-1865-second-inaugural-address,"Abraham_Lincoln_1865-03-04T13:03:58-04:56_March_4,_1865:_Second_Inaugural_Address.json",11.41,59.27,12.59,14.58,9.54,698,27
Andrew Jackson,1829-03-04,1829,"March 4, 1829: First Inaugural Address",Inaugural Address,False,written,https://millercenter.org/the-presidency/presidential-speeches/march-4-1829-first-inaugural-address,"Andrew_Jackson_1829-03-04T13:03:58-04:56_March_4,_1829:_First_Inaugural_Address.json",21.85,18.49,20.15,25.88,12.81,1124,25
Andrew Jackson,1829-12-08,1829,"December 8, 1829: First Annual Message to Congress",Annual Message,True,written,https://millercenter.org/the-presidency/presidential-speeches/december-8-1829-first-annual-message-congress,"Andrew_Jackson_1829-12-08T13:03:58-04:56_December_8,_1829:_First_Annual_Message_to_Congress.json",17.6,31.48,17.92,21.69,12.08,10508,299
Andrew Jackson,1830-12-06,1830,"December 6, 1830: Second Annual Message to Congress",Annual Message,True,written,https://millercenter.org/the-presidency/presidential-speeches/december-6-1830-second-annual-message-congress,"Andrew_Jackson_1830-12-06T13:03:58-04:56_December_6,_1830:_Second_Annual_Message_to_Congress.json",18.97,27.69,18.53,22.96,12.37,14995,389
Andrew Jackson,1831-12-06,1831,"December 6, 1831: Third Annual Message to Congress",Annual Message,True,written,https://millercenter.org/the-presidency/presidential-speeches/december-6-1831-third-annual-message-congress,"Andrew_Jackson_1831-12-06T13:03:58-04:56_December_6,_1831:_Third_Annual_Message_to_Congress.json",20.64,24.04,19.2,24.6,12.22,7172,166
Andrew Jackson,1832-12-04,1832,"December 4, 1832: Fourth Annual Message to Congress",Annual Message,True,written,https://millercenter.org/the-presidency/presidential-speeches/december-4-1832-fourth-annual-message-congress,"Andrew_Jackson_1832-12-04T13:03:58-04:56_December_4,_1832:_Fourth_Annual_Message_to_Congress.json",19.18,27.85,18.6,23.22,12.08,7857,199
Andrew Jackson,1833-03-04,1833,"March 4, 1833: Second Inaugural Address",Inaugural Address,False,written,https://millercenter.org/the-presidency/presidential-speeches/march-4-1833-second-inaugural-address,"Andrew_Jackson_1833-03-04T13:03:58-04:56_March_4,_1833:_Second_Inaugural_Address.json",19.37,25.87,18.63,23.18,12.34,1174,30
Andrew Jackson,1833-12-03,1833,"December 3, 1833: Fifth Annual Message to Congress",Annual Message,True,written,https://millercenter.org/the-presidency/presidential-speeches/december-3-1833-fifth-annual-message-congress,"Andrew_Jackson_1833-12-03T13:03:58-04:56_December_3,_1833:_Fifth_Annual_Message_to_Congress.json",19.97,26.9,18.92,24.1,12.07,7874,187
Andrew Jackson,1834-12-01,1834,"December 1, 1834: Sixth Annual Message to Congress",Annual Message,True,written,https://millercenter.org/the-presidency/presidential-speeches/december-1-1834-sixth-annual-message-congress,"Andrew_Jackson_1834-12-01T13:03:58-04:56_December_1,_1834:_Sixth_Annual_Message_to_Congress.json",20.17,25.3,19.24,24.38,12.25,13402,319
Andrew Jackson,1836-12-05,1836,"December 5, 1836: Eighth Annual Message to Congress",Annual Message,True,written,https://millercenter.org/the-presidency/presidential-speeches/december-5-1836-eighth-annual-message-congress,"Andrew_Jackson_1836-12-05T13:03:58-04:56_December_5,_1836:_Eighth_Annual_Message_to_Congress.json",20.03,26.27,18.86,24.02,12.02,12346,294
Andrew Johnson,1865-12-04,1865,"December 4, 1865: First Annual Message",Annual Message,True,written,,"Andrew_Johnson_1865-12-04T13:03:58-04:56_December_4,_1865:_First_Annual_Message.json",16.49,36.33,16.97,20.39,11.74,9220,276
Andrew Johnson,1866-12-03,1866,"December 3, 1866: Second Annual Message",Annual Message,True,written,https://millercenter.org/the-presidency/presidential-speeches/december-3-1866-second-annual-message,"Andrew_Johnson_1866-12-03T14:19:58-04:56_December_3,_1866:_Second_Annual_Message.json",17.95,28.28,18.42,22.15,13.2,7127,205
Andrew Johnson,1867-12-03,1867,"December 3, 1867: Third Annual Message to Congress",Annual Message,True,written,https://millercenter.org/the-presidency/presidential-speeches/december-3-1867-third-annual-message-congress,"Andrew_Johnson_1867-12-03T14:39:58-04:56_December_3,_1867:_Third_Annual_Message_to_Congress.json",15.69,37.72,16.58,19.55,11.84,11983,387
Andrew Johnson,1868-12-08,1868,"December 8, 1868: Fourth Annual Message to Congress",Annual Message,True,written,https://millercenter.org/the-presidency/presidential-speeches/december-8-1868-fourth-annual-message-congress,"Andrew_Johnson_1868-12-08T11:46:58-04:56_December_8,_1868:_Fourth_Annual_Message_to_Congress.json",17.57,29.68,18.06,21.64,13.03,9797,288
Barack Obama,2009-01-20,2009,"January 20, 2009: Inaugural Address",Inaugural Address,False,spoken,https://millercenter.org/the-presidency/presidential-speeches/january-20-2009-inaugural-address,"Barack_Obama_2009-01-20T13:00:00-05:00_January_20,_2009:_Inaugural_Address.json",10.09,60.42,11.56,12.58,9.18,2370,112
Barack Obama,2010-01-27,2010,"January 27, 2010: 2010 State of the Union Address",State of the Union,True,spoken,https://millercenter.org/the-presidency/presidential-speeches/january-27-2010-2010-state-union-address,"Barack_Obama_2010-01-27T13:00:00-05:00_January_27,_2010:_2010_State_of_the_Union_Address.json",9.05,60.47,11.68,12.08,9.72,7213,424
Barack Obama,2011-01-25,2011,"January 25, 2011: 2011 State of the Union Address",State of the Union,True,spoken,https://millercenter.org/the-presidency/presidential-speeches/january-25-2011-2011-state-union-address,"Barack_Obama_2011-01-25T01:00:00-05:00_January_25,_2011:_2011_State_of_the_Union_Address.json",7.63,65.29,10.55,10.43,9.1,6977,499
Barack Obama,2012-01-24,2012,"January 24, 2012: 2012 State of the Union Address",State of the Union,True,spoken,https://millercenter.org/the-presidency/presidential-speeches/january-24-2012-2012-state-union-address,"Barack_Obama_2012-01-24T01:00:00-05:00_January_24,_2012:_2012_State_of_the_Union_Address.json",7.87,63.49,10.77,10.71,9.42,7106,509
Barack Obama,2013-01-21,2013,"January 21, 2013: Second Inaugural Address",Inaugural Address,False,spoken,https://millercenter.org/the-presidency/presidential-speeches/january-21-2013-second-inaugural-address,"Barack_Obama_2013-01-21T01:00:00-05:00_January_21,_2013:_Second_Inaugural_Address.json",9.18,59.71,11.42,11.76,9.48,2120,124
Barack Obama,2013-02-13,2013,"February 13, 2013: 2013 State of the Union Address",State of the Union,True,spoken,https://millercenter.org/the-presidency/presidential-speeches/february-13-2013-2013-state-union-address,"Barack_Obama_2013-02-13T01:00:00-05:00_February_13,_2013:_2013_State_of_the_Union_Address.json",8.2,61.3,10.91,10.91,9.76,6863,488
Barack Obama,2014-01-28,2014,"January 28, 2014: 2014 State of the Union Address",State of the Union,True,spoken,https://millercenter.org/the-presidency/presidential-speeches/january-28-2014-2014-state-union-address,"Barack_Obama_2014-01-28T01:00:00-05:00_January_28,_2014:_2014_State_of_the_Union_Address.json",10.35,56.08,12.35,13.18,10.22,6776,343
Barack Obama,2015-01-20,2015,"January 20, 2015: 2015 State of the Union Address",State of the Union,True,spoken,https://millercenter.org/the-presidency/presidential-speeches/january-20-2015-2015-state-union-address,"Barack_Obama_2015-01-20T01:00:00-05:00_January_20,_2015:_2015_State_of_the_Union_Address.json",7.77,64.24,10.68,10.59,9.17,6807,487
Barack Obama,2016-01-12,2016,"January 12, 2016: 2016 State of the Union Address",State of the Union,True,spoken,https://millercenter.org/the-presidency/presidential-speeches/january-12-2016-2016-state-union-address,"Barack_Obama_2016-01-12T01:00:00-05:00_January_12,_2016:_2016_State_of_the_Union_Address.json",7.68,64.84,10.55,10.41,8.83,6078,436
Benjamin Harrison,1889-03-04,1889,"March 4, 1889: Inaugural Address",Inaugural Address,False,written,https://millercenter.org/the-presidency/presidential-speeches/march-4-1889-inaugural-address,"Benjamin_Harrison_1889-03-04T13:00:00-05:00_March_4,_1889:_Inaugural_Address.json",16.43,29.25,16.86,19.59,14.27,4058,139
Benjamin Harrison,1889-12-03,1889,"December 3, 1889: First Annual Message",Annual Message,True,written,https://millercenter.org/the-presidency/presidential-speeches/december-3-1889-first-annual-message,"Benjamin_Harrison_1889-12-03T15:24:00-05:00_December_3,_1889:_First_Annual_Message.json",15.49,37.21,16.53,19.32,11.98,12996,435
Benjamin Harrison,1890-12-01,1890,"December 1, 1890: Second Annual Message",Annual Message,True,written,https://millercenter.org/the-presidency/presidential-speeches/december-1-1890-second-annual-message,"Benjamin_Harrison_1890-12-01T13:00:00-05:00_December_1,_1890:_Second_Annual_Message.json",16.08,35.85,16.68,19.74,12.26,11520,366
Benjamin Harrison,1891-12-09,1891,"December 9, 1891: Third Annual Message",Annual Message,True,written,https://millercenter.org/the-presidency/presidential-speeches/december-9-1891-third-annual-message,"Benjamin_Harrison_1891-12-09T13:00:00-05:00_December_9,_1891:_Third_Annual_Message.json",17.24,34.25,17.35,21.13,11.84,16291,462
Benjamin Harrison,1892-12-06,1892,"December 6, 1892: Fourth Annual Message",Annual Message,True,written,https://millercenter.org/the-presidency/presidential-speeches/december-6-1892-fourth-annual-message,"Benjamin_Harrison_1892-12-06T13:00:00-05:00_December_6,_1892:_Fourth_Annual_Message.json",15.93,38.69,16.43,19.67,11.81,13676,421
Bill Clinton,1994-01-25,1994,"January 25, 1994: State of the Union Address",State of the Union,True,spoken,https://millercenter.org/the-presidency/presidential-speeches/january-25-1994-state-union-address,"Bill_Clinton_1994-01-25T13:00:00-05:00_January_25,_1994:_State_of_the_Union_Address.json",9.24,61.76,11.51,12.06,9.35,7382,399
Bill Clinton,1995-01-24,1995,"January 24, 1995: State of the Union Address",State of the Union,True,spoken,https://millercenter.org/the-presidency/presidential-speeches/january-24-1995-state-union-address,"Bill_Clinton_1995-01-24T13:00:00-05:00_January_24,_1995:_State_of_the_Union_Address.json",9.62,61.71,11.85,12.66,8.79,9169,458
Bill Clinton,1996-01-23,1996,"January 23, 1996: State of the Union Address",State of the Union,True,spoken,https://millercenter.org/the-presidency/presidential-speeches/january-23-1996-state-union-address,"Bill_Clinton_1996-01-23T13:00:00-05:00_January_23,_1996:_State_of_the_Union_Address.json",9.48,58.63,12.0,12.53,9.65,6323,357
Bill Clinton,1997-02-04,1997,"February 4, 1997: State of the Union Address",State of the Union,True,spoken,https://millercenter.org/the-presidency/presidential-speeches/february-4-1997-state-union-address,"Bill_Clinton_1997-02-04T13:00:00-05:00_February_4,_1997:_State_of_the_Union_Address.json",10.22,56.69,12.41,13.22,9.82,6746,344
Bill Clinton,1998-01-27,1998,"January 27, 1998: State of the Union Address",State of the Union,True,spoken,https://millercenter.org/the-presidency/presidential-speeches/january-27-1998-state-union-address,"Bill_Clinton_1998-01-27T13:00:00-05:00_January_27,_1998:_State_of_the_Union_Address.json",10.26,56.22,12.5,13.32,9.95,7290,374
Bill Clinton,1999-01-19,1999,"January 19, 1999: State of the Union Address",State of the Union,True,spoken,https://millercenter.org/the-presidency/presidential-speeches/january-19-1999-state-union-address,"Bill_Clinton_1999-01-19T13:00:00-05:00_January_19,_1999:_State_of_the_Union_Address.json",10.31,55.02,12.41,13.16,10.05,7470,393
Bill Clinton,2000-01-27,2000,"January 27, 2000: State of the Union Address",State of the Union,True,spoken,https://millercenter.org/the-presidency/presidential-speeches/january-27-2000-state-union-address,"Bill_Clinton_2000-01-27T13:00:00-05:00_January_27,_2000:_State_of_the_Union_Address.json",9.61,58.83,11.91,12.49,9.72,9053,494
Calvin Coolidge,1923-12-06,1923,"December 6, 1923: First Annual Message",Annual Message,True,spoken,https://millercenter.org/the-presidency/presidential-speeches/december-6-1923-first-annual-message,"Calvin_Coolidge_1923-12-06T13:00:00-05:00_December_6,_1923:_First_Annual_Message.json",11.56,44.7,14.06,15.32,12.07,6702,367
Calvin Coolidge,1924-12-03,1924,"December 3, 1924: Second Annual Message",Annual Message,True,spoken,https://millercenter.org/the-presidency/presidential-speeches/december-3-1924-second-annual-message,"Calvin_Coolidge_1924-12-03T13:00:00-05:00_December_3,_1924:_Second_Annual_Message.json",14.25,37.5,15.79,17.87,12.46,6964,278
Calvin Coolidge,1925-03-04,1925,"March 4, 1925: Inaugural Address",Inaugural Address,False,spoken,https://millercenter.org/the-presidency/presidential-speeches/march-4-1925-inaugural-address,"Calvin_Coolidge_1925-03-04T13:00:00-05:00_March_4,_1925:_Inaugural_Address.json",11.7,48.37,13.97,15.25,11.06,4051,194
Calvin Coolidge,1925-12-08,1925,"December 8, 1925: Third Annual Message",Annual Message,True,spoken,https://millercenter.org/the-presidency/presidential-speeches/december-8-1925-third-annual-message,"Calvin_Coolidge_1925-12-08T13:00:00-05:00_December_8,_1925:_Third_Annual_Message.json",13.02,41.44,15.08,16.77,12.25,10846,486
Calvin Coolidge,1926-12-07,1926,"December 7, 1926: Fourth Annual Message",Annual Message,True,spoken,https://millercenter.org/the-presidency/presidential-speeches/december-7-1926-fourth-annual-message,"Calvin_Coolidge_1926-12-07T13:00:00-05:00_December_7,_1926:_Fourth_Annual_Message.json",13.4,40.62,15.28,17.09,12.17,10309,441
Calvin Coolidge,1927-12-06,1927,"December 6, 1927: Fifth Annual Message",Annual Message,True,spoken,https://millercenter.org/the-presidency/presidential-speeches/december-6-1927-fifth-annual-message,"Calvin_Coolidge_1927-12-06T13:00:00-05:00_December_6,_1927:_Fifth_Annual_Message.json",11.98,44.03,14.36,15.73,12.37,8777,448
Calvin Coolidge,1928-12-04,1928,"December 4, 1928: Sixth Annual Message",Annual Message,True,spoken,https://millercenter.org/the-presidency/presidential-speeches/december-4-1928-sixth-annual-message,"Calvin_Coolidge_1928-12-04T13:00:00-05:00_December_4,_1928:_Sixth_Annual_Message.json",12.94,40.77,15.05,16.7,12.78,8061,373
Chester A. Arthur,1881-12-06,1881,"December 6, 1881: First Annual Message",Annual Message,True,written,https://millercenter.org/the-presidency/presidential-speeches/december-6-1881-first-annual-message,"Chester_A._Arthur_1881-12-06T13:03:58-04:56_December_6,_1881:_First_Annual_Message.json",15.33,36.07,16.52,19.12,13.02,13158,460
Chester A. Arthur,1882-12-04,1882,"December 4, 1882: Second Annual Message",Annual Message,True,written,https://millercenter.org/the-presidency/presidential-speeches/december-4-1882-second-annual-message,"Chester_A._Arthur_1882-12-04T13:03:58-04:56_December_4,_1882:_Second_Annual_Message.json",17.14,32.34,17.37,20.87,12.65,10270,304
Chester A. Arthur,1883-12-04,1883,"December 4, 1883: Third Annual Message",Annual Message,True,written,https://millercenter.org/the-presidency/presidential-speeches/december-4-1883-third-annual-message,"Chester_A._Arthur_1883-12-04T13:00:00-05:00_December_4,_1883:_Third_Annual_Message.json",16.9,30.05,17.75,20.92,13.77,8226,261
Chester A. Arthur,1884-12-01,1884,"December 1, 1884: Fourth Annual Message",Annual Message,True,written,https://millercenter.org/the-presidency/presidential-speeches/december-1-1884-fourth-annual-message,"Chester_A._Arthur_1884-12-01T13:00:00-05:00_December_1,_1884:_Fourth_Annual_Message.json",16.82,31.03,17.54,20.71,13.23,8855,279
Donald Trump,2017-01-20,2017,"January 20, 2017: Inaugural Address",Inaugural Address,False,spoken,https://millercenter.org/the-presidency/presidential-speeches/january-20-2017-inaugural-address,"Donald_Trump_2017-01-20T11:00:00-05:00_January_20,_2017:_Inaugural_Address.json",9.21,58.35,11.86,12.25,9.61,1433,87
Donald Trump,2018-01-30,2018,"January 30, 2018: State of the Union Address",State of the Union,True,spoken,https://millercenter.org/the-presidency/presidential-speeches/january-30-2018-state-union-address,"Donald_Trump_2018-01-30T21:00:00-05:00_January_30,_2018:_State_of_the_Union_Address.json",9.34,56.67,11.84,12.21,10.2,5105,318
Donald Trump,2019-02-05,2019,"February 5, 2019: State of the Union Address",State of the Union,True,spoken,https://millercenter.org/the-presidency/presidential-speeches/february-5-2019-state-union-address,"Donald_Trump_2019-02-05T21:00:00-05:00_February_5,_2019:_State_of_the_Union_Address.json",10.25,53.08,12.46,13.11,10.63,5144,291
Donald Trump,2020-02-04,2020,"February 4, 2020: State of the Union Address",State of the Union,True,spoken,,"Donald_Trump_2020-02-04T21:00:00-05:00_February_4,_2020:_State_of_the_Union_Address.json",8.31,56.83,10.86,10.91,10.65,6341,529
Donald Trump,2025-01-20,2025,"January 20, 2025: Inaugural Address",Inaugural Address,False,spoken,https://millercenter.org/the-presidency/presidential-speeches/january-20-2025-inaugural-address,"Donald_Trump_2025-01-20T12:10:00-05:00_January_20,_2025:_Inaugural_Address.json",9.71,54.87,12.23,12.75,9.79,2893,175
Donald Trump,2026-02-24,2026,"February 24, 2026: State of the Union Address",State of the Union,True,spoken,,"Donald_Trump_2026-02-24T20:00:00-05:00_February_24,_2026:_State_of_the_Union_Address.json",7.62,66.41,10.47,10.36,8.53,10539,723
Dwight D. Eisenhower,1953-01-20,1953,"January 20, 1953: First Inaugural Address",Inaugural Address,False,spoken,https://millercenter.org/the-presidency/presidential-speeches/january-20-1953-first-inaugural-address,"Dwight_D._Eisenhower_1953-01-20T13:00:00-05:00_January_20,_1953:_First_Inaugural_Address.json",9.58,59.39,11.83,12.42,9.39,2445,132
Dwight D. Eisenhower,1953-02-02,1953,"February 2, 1953: State of the Union Address",State of the Union,True,spoken,https://millercenter.org/the-presidency/presidential-speeches/february-2-1953-state-union-address,"Dwight_D._Eisenhower_1953-02-02T18:00:00-05:00_February_2,_1953:_State_of_the_Union_Address_.json",12.84,38.33,14.8,16.36,12.9,6986,352
Dwight D. Eisenhower,1954-01-07,1954,"January 7, 1954: State of the Union Address",State of the Union,True,spoken,https://millercenter.org/the-presidency/presidential-speeches/january-7-1954-state-union-address,"Dwight_D._Eisenhower_1954-01-07T18:00:00-05:00_January_7,_1954:_State_of_the_Union_Address.json",13.26,37.17,15.17,16.86,13.28,6016,288
Dwight D. Eisenhower,1955-01-06,1955,"January 6, 1955: State of the Union Address",State of the Union,True,spoken,https://millercenter.org/the-presidency/presidential-speeches/january-6-1955-state-union-address,"Dwight_D._Eisenhower_1955-01-06T18:00:00-05:00_January_6,_1955:_State_of_the_Union_Address.json",13.9,33.31,15.58,17.44,13.91,7233,340
Dwight D. Eisenhower,1956-01-05,1956,"January 5, 1956: State of the Union Address",State of the Union,True,spoken,https://millercenter.org/the-presidency/presidential-speeches/january-5-1956-state-union-address,"Dwight_D._Eisenhower_1956-01-05T10:00:00-05:00_January_5,_1956:_State_of_the_Union_Address.json",13.65,36.24,15.38,17.16,13.4,8258,377
Dwight D. Eisenhower,1957-01-10,1957,"January 10, 1957: State of the Union Address",State of the Union,True,spoken,https://millercenter.org/the-presidency/presidential-speeches/january-10-1957-state-union-address,"Dwight_D._Eisenhower_1957-01-10T12:00:00-05:00_January_10,_1957:_State_of_the_Union_Address.json",13.42,37.53,15.09,16.75,12.9,4167,192
Dwight D. Eisenhower,1957-01-21,1957,"January 21, 1957: Second Inaugural Address",Inaugural Address,False,spoken,https://millercenter.org/the-presidency/presidential-speeches/january-21-1957-second-inaugural-address,"Dwight_D._Eisenhower_1957-01-21T12:00:00-05:00_January_21,_1957:_Second_Inaugural_Address.json",8.02,69.28,9.88,10.27,8.05,1657,93
Dwight D. Eisenhower,1958-01-09,1958,"January 9, 1958: State of the Union Address",State of the Union,True,spoken,https://millercenter.org/the-presidency/presidential-speeches/january-9-1958-state-union-address,"Dwight_D._Eisenhower_1958-01-09T12:00:00-05:00_January_9,_1958:_State_of_the_Union_Address.json",11.94,43.7,13.97,15.18,12.11,4955,258
Dwight D. Eisenhower,1959-01-09,1959,"January 9, 1959: State of the Union Address",State of the Union,True,spoken,https://millercenter.org/the-presidency/presidential-speeches/january-9-1959-state-union-address,"Dwight_D._Eisenhower_1959-01-09T12:00:00-05:00_January_9,_1959:_State_of_the_Union_Address.json",11.62,44.79,13.64,14.72,12.17,4973,268
Dwight D. Eisenhower,1960-01-07,1960,"January 7, 1960: State of the Union Address",State of the Union,True,spoken,https://millercenter.org/the-presidency/presidential-speeches/january-7-1960-state-union-address,"Dwight_D._Eisenhower_1960-01-07T12:00:00-05:00_January_7,_1960:_State_of_the_Union_Address.json",13.09,39.44,14.75,16.29,12.69,5663,264
Franklin D. Roosevelt,1933-03-04,1933,"March 4, 1933: First Inaugural Address",Inaugural Address,False,spoken,https://millercenter.org/the-presidency/presidential-speeches/march-4-1933-first-inaugural-address,"Franklin_D._Roosevelt_1933-03-04T13:00:00-05:00_March_4,_1933:_First_Inaugural_Address.json",11.61,51.0,13.47,14.76,10.48,1893,86
Franklin D. Roosevelt,1937-01-20,1937,"January 20, 1937: Second Inaugural Address",Inaugural Address,False,spoken,https://millercenter.org/the-presidency/presidential-speeches/january-20-1937-second-inaugural-address,"Franklin_D._Roosevelt_1937-01-20T13:00:00-05:00_January_20,_1937:_Second_Inaugural_Address.json",10.68,51.92,12.89,13.72,10.51,1802,96
Franklin D. Roosevelt,1941-01-06,1941,"January 6, 1941: State of the Union (Four Freedoms)",State of the Union,True,spoken,https://millercenter.org/the-presidency/presidential-speeches/january-6-1941-state-union-four-freedoms,"Franklin_D._Roosevelt_1941-01-06T14:00:00-05:00_January_6,_1941:_State_of_the_Union_(Four_Freedoms).json",11.52,50.45,13.34,14.52,10.57,3286,154
Franklin D. Roosevelt,1941-01-20,1941,"January 20, 1941: Third Inaugural Address",Inaugural Address,False,spoken,https://millercenter.org/the-presidency/presidential-speeches/january-20-1941-third-inaugural-address,"Franklin_D._Roosevelt_1941-01-20T14:00:00-05:00_January_20,_1941:_Third_Inaugural_Address.json",9.03,61.45,11.55,11.96,9.08,1329,76
Franklin D. Roosevelt,1943-01-07,1943,"January 7, 1943: State of the Union Address",State of the Union,True,spoken,https://millercenter.org/the-presidency/presidential-speeches/january-7-1943-state-union-address,"Franklin_D._Roosevelt_1943-01-07T13:00:00-04:00_January_7,_1943:_State_of_the_Union_Address.json",11.33,53.82,13.24,14.56,10.08,4536,202
Franklin D. Roosevelt,1944-01-11,1944,"January 11, 1944: Fireside Chat 28: On the State of the Union",State of the Union,True,spoken,https://millercenter.org/the-presidency/presidential-speeches/january-11-1944-fireside-chat-28-state-union,"Franklin_D._Roosevelt_1944-01-11T13:00:00-04:00_January_11,_1944:_Fireside_Chat_28:_On_the_State_of_the_Union.json",10.92,53.89,12.99,14.06,10.25,3397,163
Franklin D. Roosevelt,1945-01-20,1945,"January 20, 1945: Fourth Inaugural Address",Inaugural Address,False,spoken,https://millercenter.org/the-presidency/presidential-speeches/january-20-1945-fourth-inaugural-address,"Franklin_D._Roosevelt_1945-01-20T13:00:00-04:00_January_20,_1945:_Fourth_Inaugural_Address.json",8.5,67.61,10.78,11.33,8.12,545,29
Franklin Pierce,1853-03-04,1853,"March 4, 1853: Inaugural Address",Inaugural Address,False,written,https://millercenter.org/the-presidency/presidential-speeches/march-4-1853-inaugural-address,"Franklin_Pierce_1853-03-04T13:03:58-04:56_March_4,_1853:_Inaugural_Address.json",18.14,24.99,18.17,21.71,14.79,3066,91
Franklin Pierce,1853-12-05,1853,"December 5, 1853: First Annual Message",Annual Message,True,written,https://millercenter.org/the-presidency/presidential-speeches/december-5-1853-first-annual-message,"Franklin_Pierce_1853-12-05T13:03:58-04:56_December_5,_1853:_First_Annual_Message.json",20.26,23.74,19.14,24.17,12.6,9586,231
Franklin Pierce,1854-12-04,1854,"December 4, 1854: Second Annual Message",Annual Message,True,written,https://millercenter.org/the-presidency/presidential-speeches/december-4-1854-second-annual-message,"Franklin_Pierce_1854-12-04T13:03:58-04:56_December_4,_1854:_Second_Annual_Message.json",19.05,26.1,18.85,23.16,12.88,10134,267
Franklin Pierce,1855-12-31,1855,"December 31, 1855: Third Annual Message",Annual Message,True,written,https://millercenter.org/the-presidency/presidential-speeches/december-31-1855-third-annual-message,"Franklin_Pierce_1855-12-31T13:03:58-04:56_December_31,_1855:_Third_Annual_Message.json",20.7,22.16,19.52,24.72,12.71,11610,274
Franklin Pierce,1856-12-02,1856,"December 2, 1856: Fourth Annual Message",Annual Message,True,written,https://millercenter.org/the-presidency/presidential-speeches/december-2-1856-fourth-annual-message,"Franklin_Pierce_1856-12-02T13:03:58-04:56_December_2,_1856:_Fourth_Annual_Message.json",20.23,22.61,19.57,24.43,12.85,10473,257
George H. W. Bush,1989-01-20,1989,"January 20, 1989: Inaugural Address",Inaugural Address,False,spoken,https://millercenter.org/the-presidency/presidential-speeches/january-20-1989-inaugural-address,"George_H._W._Bush_1989-01-20T13:00:00-05:00_January_20,_1989:_Inaugural_Address.json",6.71,74.17,9.62,9.49,7.2,2308,151
George H. W. Bush,1990-01-31,1990,"January 31, 1990: State of the Union Address",State of the Union,True,spoken,https://millercenter.org/the-presidency/presidential-speeches/january-31-1990-state-union-address,"George_H._W._Bush_1990-01-31T13:00:00-05:00_January_31,_1990:_State_of_the_Union_Address.json",9.82,58.21,12.2,12.88,9.33,3727,198
George H. W. Bush,1991-01-29,1991,"January 29, 1991: State of the Union Address",State of the Union,True,spoken,https://millercenter.org/the-presidency/presidential-speeches/january-29-1991-state-union-address,"George_H._W._Bush_1991-01-29T13:00:00-05:00_January_29,_1991:_State_of_the_Union_Address.json",10.06,53.94,12.58,13.25,10.45,3917,225
George H. W. Bush,1992-01-28,1992,"January 28, 1992: State of the Union Address",State of the Union,True,spoken,https://millercenter.org/the-presidency/presidential-speeches/january-28-1992-state-union-address,"George_H._W._Bush_1992-01-28T13:00:00-05:00_January_28,_1992:_State_of_the_Union_Address.json",7.67,68.31,10.61,10.67,8.46,5078,320
George W. Bush,2001-01-20,2001,"January 20, 2001: First Inaugural Address",Inaugural Address,False,spoken,https://millercenter.org/the-presidency/presidential-speeches/january-20-2001-first-inaugural-address,"George_W._Bush_2001-01-20T13:00:00-05:00_January_20,_2001:_First_Inaugural_Address.json",8.91,60.23,11.33,11.58,8.93,1582,97
George W. Bush,2002-01-29,2002,"January 29, 2002: State of the Union Address",State of the Union,True,spoken,https://millercenter.org/the-presidency/presidential-speeches/january-29-2002-state-union-address,"George_W._Bush_2002-01-29T13:00:00-05:00_January_29,_2002:_State_of_the_Union_Address.json",10.03,54.93,12.32,12.94,10.53,3817,214
George W. Bush,2003-01-28,2003,"January 28, 2003: State of the Union Address",State of the Union,True,spoken,https://millercenter.org/the-presidency/presidential-speeches/january-28-2003-state-union-address,"George_W._Bush_2003-01-28T13:00:00-05:00_January_28,_2003:_State_of_the_Union_Address.json",10.52,52.11,12.9,13.71,10.72,5364,294
George W. Bush,2004-01-20,2004,"January 20, 2004: State of the Union Address",State of the Union,True,spoken,https://millercenter.org/the-presidency/presidential-speeches/january-20-2004-state-union-address,"George_W._Bush_2004-01-20T13:00:00-05:00_January_20,_2004:_State_of_the_Union_Address.json",10.36,54.08,12.51,13.25,10.68,5164,276
George W. Bush,2005-01-20,2005,"January 20, 2005: Second Inaugural Address",Inaugural Address,False,spoken,https://millercenter.org/the-presidency/presidential-speeches/january-20-2005-second-inaugural-address-0,"George_W._Bush_2005-01-20T01:00:00-05:00_January_20,_2005:_Second_Inaugural_Address.json",11.02,53.2,12.97,14.04,9.96,2064,99
George W. Bush,2005-02-02,2005,"February 2, 2005: State of the Union Address",State of the Union,True,spoken,https://millercenter.org/the-presidency/presidential-speeches/february-2-2005-state-union-address,"George_W._Bush_2005-02-02T13:00:00-05:00_February_2,_2005:_State_of_the_Union_Address.json",11.94,47.43,13.74,15.0,11.03,5012,235
George W. Bush,2006-01-31,2006,"January 31, 2006: State of the Union Address",State of the Union,True,spoken,https://millercenter.org/the-presidency/presidential-speeches/january-31-2006-state-union-address,"George_W._Bush_2006-01-31T13:00:00-05:00_January_31,_2006:_State_of_the_Union_Address.json",11.22,48.8,13.35,14.35,10.91,5278,275
George W. Bush,2007-01-23,2007,"January 23, 2007: State of the Union Address",State of the Union,True,spoken,https://millercenter.org/the-presidency/presidential-speeches/january-23-2007-state-union-address,"George_W._Bush_2007-01-23T13:00:00-05:00_January_23,_2007:_State_of_the_Union_Address.json",10.25,56.18,12.49,13.31,9.79,5541,285
George W. Bush,2008-01-28,2008,"January 28, 2008: State of the Union Address",State of the Union,True,spoken,https://millercenter.org/the-presidency/presidential-speeches/january-28-2008-state-union-address,"George_W._Bush_2008-01-28T13:00:00-05:00_January_28,_2008:_State_of_the_Union_Address.json",10.4,53.11,12.63,13.37,10.68,5698,311
George Washington,1789-04-30,1789,"April 30, 1789: First Inaugural Address",Inaugural Address,False,written,https://millercenter.org/the-presidency/presidential-speeches/april-30-1789-first-inaugural-address,"George_Washington_1789-04-30T13:03:58-04:56_April_30,_1789:_First_Inaugural_Address.json",26.47,7.15,22.42,30.85,12.82,1430,25
George Washington,1790-01-08,1790,"January 8, 1790: First Annual Message to Congress",Annual Message,True,written,https://millercenter.org/the-presidency/presidential-speeches/january-8-1790-first-annual-message-congress,"George_Washington_1790-01-08T13:03:58-04:56_January_8,_1790:_First_Annual_Message_to_Congress.json",20.51,19.75,19.9,24.67,13.69,846,21
George Washington,1790-12-08,1790,"December 8, 1790: Second Annual Message to Congress",Annual Message,True,written,https://millercenter.org/the-presidency/presidential-speeches/december-8-1790-second-annual-message-congress,"George_Washington_1790-12-08T13:03:58-04:56_December_8,_1790:_Second_Annual_Message_to_Congress.json",17.24,33.84,17.44,21.17,12.15,1400,40
George Washington,1791-10-25,1791,"October 25, 1791: Third Annual Message to Congress",Annual Message,True,written,https://millercenter.org/the-presidency/presidential-speeches/october-25-1791-third-annual-message-congress,"George_Washington_1791-10-25T13:03:58-04:56_October_25,_1791:_Third_Annual_Message_to_Congress.json",19.5,24.62,19.6,24.11,13.12,2259,58
George Washington,1792-11-06,1792,"November 6, 1792: Fourth Annual Message to Congress",Annual Message,True,written,https://millercenter.org/the-presidency/presidential-speeches/november-6-1792-fourth-annual-message-congress,"George_Washington_1792-11-06T13:03:58-04:56_November_6,_1792:_Fourth_Annual_Message_to_Congress.json",17.87,31.37,17.79,21.75,12.3,2352,65
George Washington,1793-03-04,1793,"March 4, 1793: Second Inaugural Address",Inaugural Address,False,written,https://millercenter.org/the-presidency/presidential-speeches/march-4-1793-second-inaugural-address,"George_Washington_1793-03-04T13:03:58-04:56_March_4,_1793:_Second_Inaugural_Address.json",17.2,31.41,18.24,21.76,11.36,134,4
George Washington,1793-12-03,1793,"December 3, 1793: Fifth Annual Message to Congress",Annual Message,True,written,https://millercenter.org/the-presidency/presidential-speeches/december-3-1793-fifth-annual-message-congress,"George_Washington_1793-12-03T13:03:58-04:56_December_3,_1793:_Fifth_Annual_Message_to_Congress.json",18.04,26.93,18.1,21.74,13.9,1822,53
George Washington,1794-11-19,1794,"November 19, 1794: Sixth Annual Message to Congress",Annual Message,True,written,https://millercenter.org/the-presidency/presidential-speeches/november-19-1794-sixth-annual-message-congress,"George_Washington_1794-11-19T13:03:58-04:56_November_19,_1794:_Sixth_Annual_Message_to_Congress.json",18.45,28.63,18.39,22.51,12.39,2921,79
George Washington,1795-12-08,1795,"December 8, 1795: Seventh Annual Message to Congress",Annual Message,True,written,https://millercenter.org/the-presidency/presidential-speeches/december-8-1795-seventh-annual-message-congress,"George_Washington_1795-12-08T13:03:58-04:56_December_8,_1795:_Seventh_Annual_Message_to_Congress.json",19.31,23.04,19.15,23.35,13.21,1976,53
George Washington,1796-12-07,1796,"December 7, 1796: Eighth Annual Message to Congress",Annual Message,True,written,https://millercenter.org/the-presidency/presidential-speeches/december-7-1796-eighth-annual-message-congress,"George_Washington_1796-12-07T13:03:58-04:56_December_7,_1796:_Eighth_Annual_Message_to_Congress.json",18.15,28.7,18.19,22.08,12.46,2863,80
Gerald Ford,1975-01-15,1975,"January 15, 1975: State of the Union Address",State of the Union,True,spoken,https://millercenter.org/the-presidency/presidential-speeches/january-15-1975-state-union-address,"Gerald_Ford_1975-01-15T13:00:00-05:00_January_15,_1975:_State_of_the_Union_Address.json",11.29,46.89,13.56,14.61,11.3,4107,223
Gerald Ford,1976-01-19,1976,"January 19, 1976: State of the Union Address",State of the Union,True,spoken,https://millercenter.org/the-presidency/presidential-speeches/january-19-1976-state-union-address,"Gerald_Ford_1976-01-19T13:00:00-05:00_January_19,_1976:_State_of_the_Union_Address.json",10.81,49.78,13.19,14.09,11.09,4951,274
Gerald Ford,1977-01-12,1977,"January 12, 1977: State of the Union Address",State of the Union,True,spoken,https://millercenter.org/the-presidency/presidential-speeches/january-12-1977-state-union-address,"Gerald_Ford_1977-01-12T13:00:00-05:00_January_12,_1977:_State_of_the_Union_Address.json",12.7,42.98,14.57,16.08,11.58,4706,215
Grover Cleveland,1885-03-04,1885,"March 4, 1885: First Inaugural Address",Inaugural Address,False,written,https://millercenter.org/the-presidency/presidential-speeches/march-4-1885-first-inaugural-address,"Grover_Cleveland_1885-03-04T13:00:00-05:00_March_4,_1885:_First_Inaugural_Address.json",19.93,19.62,19.46,23.78,14.84,1553,41
Grover Cleveland,1885-12-08,1885,"December 8, 1885: First Annual Message",Annual Message,True,written,https://millercenter.org/the-presidency/presidential-speeches/december-8-1885-first-annual-message,"Grover_Cleveland_1885-12-08T13:00:00-05:00_December_8,_1885:_First_Annual_Message.json",18.07,28.65,18.16,21.99,12.88,19747,557
Grover Cleveland,1886-12-06,1886,"December 6, 1886: Second Annual Message",Annual Message,True,written,https://millercenter.org/the-presidency/presidential-speeches/december-6-1886-second-annual-message,"Grover_Cleveland_1886-12-06T13:00:00-05:00_December_6,_1886:_Second_Annual_Message.json",18.46,27.5,18.41,22.42,12.93,15133,416
Grover Cleveland,1887-12-06,1887,"December 6, 1887: Third Annual Message",Annual Message,True,written,https://millercenter.org/the-presidency/presidential-speeches/december-6-1887-third-annual-message,"Grover_Cleveland_1887-12-06T13:00:00-05:00_December_6,_1887:_Third_Annual_Message.json",20.45,25.07,18.82,24.22,12.2,5289,123
Grover Cleveland,1888-12-03,1888,"December 3, 1888: Fourth Annual Message",Annual Message,True,written,https://millercenter.org/the-presidency/presidential-speeches/december-3-1888-fourth-annual-message,"Grover_Cleveland_1888-12-03T13:00:00-05:00_December_3,_1888:_Fourth_Annual_Message.json",18.43,27.59,18.52,22.52,13.04,13209,364
Grover Cleveland,1893-03-04,1893,"March 4, 1893: Second Inaugural Address",Inaugural Address,False,written,https://millercenter.org/the-presidency/presidential-speeches/march-4-1893-second-inaugural-address,"Grover_Cleveland_1893-03-04T13:00:00-05:00_March_4,_1893:_Second_Inaugural_Address.json",19.2,18.87,19.14,22.9,15.49,1863,54
Grover Cleveland,1893-12-04,1893,"December 4, 1893: First Annual Message (Second Term)",Annual Message,True,written,https://millercenter.org/the-presidency/presidential-speeches/december-4-1893-first-annual-message-second-term,"Grover_Cleveland_1893-12-04T13:00:00-05:00_December_4,_1893:_First_Annual_Message_(Second_Term).json",17.26,29.52,17.86,21.21,13.36,12281,376
Grover Cleveland,1894-12-03,1894,"December 3, 1894: Second Annual Message (Second Term)",Annual Message,True,written,https://millercenter.org/the-presidency/presidential-speeches/december-3-1894-second-annual-message-second-term,"Grover_Cleveland_1894-12-03T13:00:00-05:00_December_3,_1894:_Second_Annual_Message_(Second_Term).json",17.46,30.65,17.89,21.47,12.89,15890,466
Grover Cleveland,1895-12-02,1895,"December 2, 1895: Third Annual Message (Second Term)",Annual Message,True,written,https://millercenter.org/the-presidency/presidential-speeches/december-2-1895-third-annual-message-second-term,"Grover_Cleveland_1895-12-02T13:00:00-05:00_December_2,_1895:_Third_Annual_Message_(Second_Term).json",20.18,23.13,19.33,24.22,12.97,14669,359
Grover Cleveland,1896-12-07,1896,"December 7, 1896: Fourth Annual Message (Second Term)",Annual Message,True,written,https://millercenter.org/the-presidency/presidential-speeches/december-7-1896-fourth-annual-message-second-term,"Grover_Cleveland_1896-12-07T13:00:00-05:00_December_7,_1896:_Fourth_Annual_Message_(Second_Term).json",18.09,29.66,18.13,22.08,12.92,15419,427
Harry S. Truman,1949-01-20,1949,"January 20, 1949: Inaugural Address",Inaugural Address,False,spoken,https://millercenter.org/the-presidency/presidential-speeches/january-20-1949-inaugural-address,"Harry_S._Truman_1949-01-20T13:00:00-05:00_January_20,_1949:_Inaugural_Address.json",11.17,48.88,13.35,14.34,11.41,2263,119
Herbert Hoover,1929-03-04,1929,"March 4, 1929: Inaugural Address",Inaugural Address,False,spoken,https://millercenter.org/the-presidency/presidential-speeches/march-4-1929-inaugural-address,"Herbert_Hoover_1929-03-04T01:00:00-05:00_March_4,_1929:_Inaugural_Address.json",13.49,38.97,15.08,16.8,12.52,3738,164
Herbert Hoover,1929-12-03,1929,"December 3, 1929: First State of the Union Address",State of the Union,True,spoken,https://millercenter.org/the-presidency/presidential-speeches/december-3-1929-first-state-union-address,"Herbert_Hoover_1929-12-03T11:36:00-05:00_December_3,_1929:_First_State_of_the_Union_Address.json",14.52,35.37,16.14,18.29,13.31,10988,441
Herbert Hoover,1930-12-02,1930,"December 2, 1930: Second State of the Union address.",State of the Union,True,spoken,https://millercenter.org/the-presidency/presidential-speeches/december-2-1930-second-state-union-address,"Herbert_Hoover_1930-12-02T11:47:00-05:00_December_2,_1930:_Second_State_of_the_Union_address..json",14.78,32.29,16.48,18.71,13.89,4533,187
Herbert Hoover,1931-12-08,1931,"December 8, 1931: Third State of the Union Address",State of the Union,True,spoken,https://millercenter.org/the-presidency/presidential-speeches/december-8-1931-third-state-union-address,"Herbert_Hoover_1931-12-08T12:04:00-05:00_December_8,_1931:_Third_State_of_the_Union_Address.json",13.41,34.9,15.35,17.13,14.04,5680,281
Herbert Hoover,1932-12-06,1932,"December 6, 1932: Fourth State of the Union Address",State of the Union,True,spoken,https://millercenter.org/the-presidency/presidential-speeches/december-6-1932-fourth-state-union-address,"Herbert_Hoover_1932-12-06T12:15:00-05:00_December_6,_1932:_Fourth_State_of_the_Union_Address.json",12.82,39.84,14.79,16.33,13.0,4202,204
James A. Garfield,1881-03-04,1881,"March 4, 1881: Inaugural Address",Inaugural Address,False,written,https://millercenter.org/the-presidency/presidential-speeches/march-4-1881-inaugural-address,"James_A._Garfield_1881-03-04T13:03:58-04:56_March_4,_1881:_Inaugural_Address.json",15.33,38.11,15.97,18.69,12.18,2943,99
James Buchanan,1857-03-04,1857,"March 4, 1857: Inaugural Address",Inaugural Address,False,written,https://millercenter.org/the-presidency/presidential-speeches/march-4-1857-inaugural-address,"James_Buchanan_1857-03-04T13:03:58-04:56_March_4,_1857:_Inaugural_Address.json",17.36,27.89,17.67,20.93,14.19,2605,81
James Buchanan,1857-12-08,1857,"December 8, 1857: First Annual Message",Annual Message,True,written,https://millercenter.org/the-presidency/presidential-speeches/december-8-1857-first-annual-message,"James_Buchanan_1857-12-08T13:03:58-04:56_December_8,_1857:_First_Annual_Message.json",16.99,33.11,17.48,20.96,12.12,13651,406
James Buchanan,1858-12-06,1858,"December 6, 1858: Second Annual Message",Annual Message,True,written,https://millercenter.org/the-presidency/presidential-speeches/december-6-1858-second-annual-message,"James_Buchanan_1858-12-06T13:03:58-04:56_December_6,_1858:_Second_Annual_Message.json",16.36,34.56,17.06,20.21,12.19,16347,513
James Buchanan,1859-12-19,1859,"December 19, 1859: Third Annual Message",Annual Message,True,written,https://millercenter.org/the-presidency/presidential-speeches/december-19-1859-third-annual-message,"James_Buchanan_1859-12-19T13:03:58-04:56_December_19,_1859:_Third_Annual_Message.json",15.82,37.24,16.45,19.46,11.96,12334,395
James Buchanan,1860-12-03,1860,"December 3, 1860: Fourth Annual Message",Annual Message,True,written,https://millercenter.org/the-presidency/presidential-speeches/december-3-1860-fourth-annual-message,"James_Buchanan_1860-12-03T13:03:58-04:56_December_3,_1860:_Fourth_Annual_Message.json",15.15,38.06,16.25,18.88,11.96,14028,484
James K. Polk,1845-03-04,1845,"March 4, 1845: Inaugural Address",Inaugural Address,False,written,https://millercenter.org/the-presidency/presidential-speeches/march-4-1845-inaugural-address,"James_K._Polk_1845-03-04T13:03:58-04:56_March_4,_1845:_Inaugural_Address.json",16.06,34.36,16.88,19.8,11.98,4796,157
James K. Polk,1845-12-02,1845,"December 2, 1845: First Annual Message",Annual Message,True,written,https://millercenter.org/the-presidency/presidential-speeches/december-2-1845-first-annual-message,"James_K._Polk_1845-12-02T10:42:58-04:56_December_2,_1845:_First_Annual_Message.json",17.55,32.53,17.7,21.55,11.89,16106,453
James K. Polk,1846-12-08,1846,"December 8, 1846: Second Annual Message to Congress",Annual Message,True,written,https://millercenter.org/the-presidency/presidential-speeches/december-8-1846-second-annual-message-congress,"James_K._Polk_1846-12-08T11:10:58-04:56_December_8,_1846:_Second_Annual_Message_to_Congress.json",18.31,30.55,18.11,22.33,11.72,18217,486
James K. Polk,1847-12-07,1847,"December 7, 1847: Third Annual Message",Annual Message,True,written,https://millercenter.org/the-presidency/presidential-speeches/december-7-1847-third-annual-message,"James_K._Polk_1847-12-07T11:16:58-04:56_December_7,_1847:_Third_Annual_Message.json",18.14,31.4,17.82,22.01,11.65,16407,440
James K. Polk,1848-12-05,1848,"December 5, 1848: Fourth Annual Message to Congress",Annual Message,True,written,https://millercenter.org/the-presidency/presidential-speeches/december-5-1848-fourth-annual-message-congress,"James_K._Polk_1848-12-05T11:33:58-04:56_December_5,_1848:_Fourth_Annual_Message_to_Congress.json",17.56,32.28,17.65,21.46,12.06,21287,601
James Madison,1809-03-04,1809,"March 4, 1809: First Inaugural Address",Inaugural Address,False,written,https://millercenter.org/the-presidency/presidential-speeches/march-4-1809-first-inaugural-address,"James_Madison_1809-03-04T13:03:58-04:56_March_4,_1809:_First_Inaugural_Address.json",25.48,11.88,21.15,29.47,12.38,1173,21
James Madison,1809-11-29,1809,"November 29, 1809: First Annual Message",Annual Message,True,written,https://millercenter.org/the-presidency/presidential-speeches/november-29-1809-first-annual-message,"James_Madison_1809-11-29T13:03:58-04:56_November_29,_1809:_First_Annual_Message.json",22.01,18.76,20.53,26.41,12.57,1831,40
James Madison,1810-12-05,1810,"December 5, 1810: Second Annual Message",Annual Message,True,written,https://millercenter.org/the-presidency/presidential-speeches/december-5-1810-second-annual-message,"James_Madison_1810-12-05T13:03:58-04:56_December_5,_1810:_Second_Annual_Message.json",20.15,22.01,19.42,24.15,13.08,2446,61
James Madison,1811-11-05,1811,"November 5, 1811: Third Annual Message",Annual Message,True,written,https://millercenter.org/the-presidency/presidential-speeches/november-5-1811-third-annual-message,"James_Madison_1811-11-05T13:03:58-04:56_November_5,_1811:_Third_Annual_Message.json",23.62,13.76,21.06,27.74,13.13,2273,46
James Madison,1812-11-04,1812,"November 4, 1812: Fourth Annual Message",Annual Message,True,written,https://millercenter.org/the-presidency/presidential-speeches/november-4-1812-fourth-annual-message,"James_Madison_1812-11-04T13:03:58-04:56_November_4,_1812:_Fourth_Annual_Message.json",18.62,27.87,18.49,22.66,12.45,3239,87
James Madison,1813-03-04,1813,"March 4, 1813: Second Inaugural Address",Inaugural Address,False,written,https://millercenter.org/the-presidency/presidential-speeches/march-4-1813-second-inaugural-address,"James_Madison_1813-03-04T13:03:58-04:56_March_4,_1813:_Second_Inaugural_Address.json",18.01,31.25,17.68,21.74,11.79,1210,33
James Madison,1813-12-07,1813,"December 7, 1813: Fifth Annual Message",Annual Message,True,written,https://millercenter.org/the-presidency/presidential-speeches/december-7-1813-fifth-annual-message,"James_Madison_1813-12-07T13:03:58-04:56_December_7,_1813:_Fifth_Annual_Message.json",22.82,17.98,20.34,26.9,12.27,3255,67
James Madison,1814-09-20,1814,"September 20, 1814: Sixth Annual Message",Annual Message,True,written,https://millercenter.org/the-presidency/presidential-speeches/september-20-1814-sixth-annual-message,"James_Madison_1814-09-20T13:03:58-04:56_September_20,_1814:_Sixth_Annual_Message.json",20.26,24.99,18.69,23.91,12.06,2110,50
James Madison,1815-12-05,1815,"December 5, 1815: Seventh Annual Message",Annual Message,True,written,https://millercenter.org/the-presidency/presidential-speeches/december-5-1815-seventh-annual-message,"James_Madison_1815-12-05T13:03:58-04:56_December_5,_1815:_Seventh_Annual_Message.json",27.52,1.88,23.25,31.87,13.35,3157,54
James Madison,1816-12-03,1816,"December 3, 1816: Eighth Annual Message",Annual Message,True,written,https://millercenter.org/the-presidency/presidential-speeches/december-3-1816-eighth-annual-message,"James_Madison_1816-12-03T13:03:58-04:56_December_3,_1816:_Eighth_Annual_Message.json",22.54,16.67,20.93,27.0,12.59,3364,72
James Monroe,1817-03-04,1817,"March 4, 1817: First Inaugural Address",Inaugural Address,False,written,https://millercenter.org/the-presidency/presidential-speeches/march-4-1817-first-inaugural-address,"James_Monroe_1817-03-04T13:03:58-04:56_March_4,_1817:_First_Inaugural_Address.json",14.28,41.43,15.49,17.79,11.37,3367,123
James Monroe,1817-12-02,1817,"December 2, 1817: First Annual Message",Annual Message,True,written,https://millercenter.org/the-presidency/presidential-speeches/december-2-1817-first-annual-message,"James_Monroe_1817-12-02T13:03:58-04:56_December_2,_1817:_First_Annual_Message.json",17.61,33.54,17.34,21.35,11.66,4432,122
James Monroe,1818-11-16,1818,"November 16, 1818: Second Annual Message",Annual Message,True,written,https://millercenter.org/the-presidency/presidential-speeches/november-16-1818-second-annual-message,"James_Monroe_1818-11-16T13:03:58-04:56_November_16,_1818:_Second_Annual_Message.json",18.81,28.55,18.42,22.82,12.45,4374,114
James Monroe,1819-12-07,1819,"December 7, 1819: Third Annual Message",Annual Message,True,written,https://millercenter.org/the-presidency/presidential-speeches/december-7-1819-third-annual-message,"James_Monroe_1819-12-07T13:03:58-04:56_December_7,_1819:_Third_Annual_Message.json",17.27,35.19,17.34,21.26,11.69,4702,131
James Monroe,1820-11-14,1820,"November 14, 1820: Fourth Annual Message",Annual Message,True,written,https://millercenter.org/the-presidency/presidential-speeches/november-14-1820-fourth-annual-message,"James_Monroe_1820-11-14T13:03:58-04:56_November_14,_1820:_Fourth_Annual_Message.json",19.28,29.79,18.33,23.3,11.85,3441,84
James Monroe,1821-03-05,1821,"March 5, 1821: Second Inaugural Address",Inaugural Address,False,written,https://millercenter.org/the-presidency/presidential-speeches/march-5-1821-second-inaugural-address,"James_Monroe_1821-03-05T13:03:58-04:56_March_5,_1821:_Second_Inaugural_Address.json",16.6,36.73,16.83,20.38,11.54,4461,131
James Monroe,1821-12-03,1821,"December 3, 1821: Fifth Annual Message",Annual Message,True,written,https://millercenter.org/the-presidency/presidential-speeches/december-3-1821-fifth-annual-message,"James_Monroe_1821-12-03T13:03:58-04:56_December_3,_1821:_Fifth_Annual_Message.json",18.48,32.08,18.04,22.59,11.61,5813,149
James Monroe,1822-12-03,1822,"December 3, 1822: Sixth Annual Message",Annual Message,True,written,https://millercenter.org/the-presidency/presidential-speeches/december-3-1822-sixth-annual-message,"James_Monroe_1822-12-03T13:03:58-04:56_December_3,_1822:_Sixth_Annual_Message.json",19.21,29.35,18.33,23.17,11.94,4729,117
James Monroe,1823-12-02,1823,"December 2, 1823: Seventh Annual Message (Monroe Doctrine)",Annual Message,True,written,https://millercenter.org/the-presidency/presidential-speeches/december-2-1823-seventh-annual-message-monroe-doctrine,"James_Monroe_1823-12-02T13:03:58-04:56_December_2,_1823:_Seventh_Annual_Message_(Monroe_Doctrine).json",17.26,33.51,17.6,21.32,12.19,6353,182
James Monroe,1824-12-07,1824,"December 7, 1824: Eighth Annual Message",Annual Message,True,written,https://millercenter.org/the-presidency/presidential-speeches/december-7-1824-eighth-annual-message,"James_Monroe_1824-12-07T13:03:58-04:56_December_7,_1824:_Eighth_Annual_Message.json",16.66,36.25,17.01,20.55,11.69,8403,247
Jimmy Carter,1977-01-20,1977,"January 20, 1977: Inaugural Address",Inaugural Address,False,spoken,https://millercenter.org/the-presidency/presidential-speeches/january-20-1977-inaugural-address,"Jimmy_Carter_1977-01-20T13:00:00-05:00_January_20,_1977:_Inaugural_Address.json",10.91,54.87,12.64,13.73,9.2,1216,57
Jimmy Carter,1978-01-19,1978,"January 19, 1978: State of the Union Address",State of the Union,True,spoken,https://millercenter.org/the-presidency/presidential-speeches/january-19-1978-state-union-address,"Jimmy_Carter_1978-01-19T13:00:00-05:00_January_19,_1978:_State_of_the_Union_Address.json",10.17,54.53,12.56,13.27,10.1,4559,251
Jimmy Carter,1979-01-23,1979,"January 23, 1979: State of the Union Address",State of the Union,True,spoken,https://millercenter.org/the-presidency/presidential-speeches/january-23-1979-state-union-address,"Jimmy_Carter_1979-01-23T13:00:00-05:00_January_23,_1979:_State_of_the_Union_Address.json",11.7,47.03,13.85,15.05,11.4,3258,162
Jimmy Carter,1980-01-23,1980,"January 23, 1980: State of the Union Address",State of the Union,True,spoken,https://millercenter.org/the-presidency/presidential-speeches/january-23-1980-state-union-address,"Jimmy_Carter_1980-01-23T13:00:00-05:00_January_23,_1980:_State_of_the_Union_Address.json",11.77,47.73,13.72,14.93,10.89,3411,164
Joe Biden,2021-01-20,2021,"January 20, 2021: Inaugural Address",Inaugural Address,False,spoken,,"Joe_Biden_2021-01-20T11:50:00-05:00_January_20,_2021:_Inaugural_Address.json",5.68,73.39,9.29,8.62,6.5,2371,222
Joe Biden,2022-03-01,2022,"March 1, 2022: State of the Union Address",State of the Union,True,spoken,https://millercenter.org/the-presidency/presidential-speeches/march-1-2022-state-union-address,"Joe_Biden_2022-03-01T21:00:00-05:00_March_1,_2022:_State_of_the_Union_Address.json",7.92,62.0,10.99,11.01,9.48,6489,487
Joe Biden,2023-02-07,2023,"February 7, 2023: State of the Union Address",State of the Union,True,spoken,https://millercenter.org/the-presidency/presidential-speeches/february-7-2023-state-union-address,"Joe_Biden_2023-02-07T21:00:00-05:00_February_7,_2023:_State_of_the_Union_Address.json",7.23,65.95,10.36,10.13,8.94,7209,566
John Adams,1797-03-04,1797,"March 4, 1797: Inaugural Address",Inaugural Address,False,written,https://millercenter.org/the-presidency/presidential-speeches/march-4-1797-inaugural-address,"John_Adams_1797-03-04T13:03:58-04:56_March_4,_1797:_Inaugural_Address.json",28.61,1.46,22.87,32.68,12.36,2317,37
John Adams,1797-11-22,1797,"November 22, 1797: First Annual Message",Annual Message,True,written,https://millercenter.org/the-presidency/presidential-speeches/november-22-1797-first-annual-message,"John_Adams_1797-11-22T13:03:58-04:56_November_22,_1797:_First_Annual_Message.json",17.71,31.01,17.75,21.55,12.41,2049,58
John Adams,1798-12-08,1798,"December 8, 1798: Second Annual Message",Annual Message,True,written,https://millercenter.org/the-presidency/presidential-speeches/december-8-1798-second-annual-message,"John_Adams_1798-12-08T13:03:58-04:56_December_8,_1798:_Second_Annual_Message.json",20.08,24.28,19.34,24.27,12.55,2218,54
John Adams,1799-12-03,1799,"December 3, 1799: Third Annual Message",Annual Message,True,written,https://millercenter.org/the-presidency/presidential-speeches/december-3-1799-third-annual-message,"John_Adams_1799-12-03T13:03:58-04:56_December_3,_1799:_Third_Annual_Message.json",21.33,18.15,20.48,25.72,13.09,1494,35
John Adams,1800-11-22,1800,"November 22, 1800: Fourth Annual Message",Annual Message,True,written,https://millercenter.org/the-presidency/presidential-speeches/november-22-1800-fourth-annual-message,"John_Adams_1800-11-22T13:03:58-04:56_November_22,_1800:_Fourth_Annual_Message.json",17.83,28.29,18.35,22.0,12.66,1372,40
John F. Kennedy,1961-01-20,1961,"January 20, 1961: Inaugural Address",Inaugural Address,False,spoken,https://millercenter.org/the-presidency/presidential-speeches/january-20-1961-inaugural-address,"John_F._Kennedy_1961-01-20T13:00:00-05:00_January_20,_1961:_Inaugural_Address.json",11.44,57.19,12.36,14.13,9.39,1338,54
John F. Kennedy,1961-01-30,1961,"January 30, 1961: State of the Union",State of the Union,True,spoken,https://millercenter.org/the-presidency/presidential-speeches/january-30-1961-state-union,"John_F._Kennedy_1961-01-30T13:00:00-05:00_January_30,_1961:_State_of_the_Union.json",13.93,40.07,15.12,17.07,12.19,5162,205
John F. Kennedy,1962-01-11,1962,"January 11, 1962: State of the Union Address",State of the Union,True,spoken,https://millercenter.org/the-presidency/presidential-speeches/january-11-1962-state-union-address,"John_F._Kennedy_1962-01-11T13:00:00-05:00_January_11,_1962:_State_of_the_Union_Address.json",13.4,42.21,14.66,16.42,12.05,6376,263
John F. Kennedy,1963-01-14,1963,"January 14, 1963: State of the Union Address",State of the Union,True,spoken,https://millercenter.org/the-presidency/presidential-speeches/january-14-1963-state-union-address,"John_F._Kennedy_1963-01-14T13:00:00-05:00_January_14,_1963:_State_of_the_Union_Address.json",12.8,46.56,14.18,15.88,11.1,5317,219
John Quincy Adams,1825-03-04,1825,"March 4, 1825: Inaugural Address",Inaugural Address,False,written,https://millercenter.org/the-presidency/presidential-speeches/march-4-1825-inaugural-address,"John_Quincy_Adams_1825-03-04T13:03:58-04:56_March_4,_1825:_Inaugural_Address.json",19.28,24.97,18.83,23.2,12.9,2907,76
John Quincy Adams,1825-12-06,1825,"December 6, 1825: First Annual Message",Annual Message,True,written,https://millercenter.org/the-presidency/presidential-speeches/december-6-1825-first-annual-message,"John_Quincy_Adams_1825-12-06T13:03:58-04:56_December_6,_1825:_First_Annual_Message.json",20.58,23.55,19.37,24.65,12.33,8966,210
John Quincy Adams,1827-12-04,1827,"December 4, 1827: Third Annual Message",Annual Message,True,written,https://millercenter.org/the-presidency/presidential-speeches/december-4-1827-third-annual-message,"John_Quincy_Adams_1827-12-04T13:03:58-04:56_December_4,_1827:_Third_Annual_Message.json",20.27,24.77,19.18,24.34,12.84,6910,164
John Quincy Adams,1828-12-02,1828,"December 2, 1828: Fourth Annual Message",Annual Message,True,written,https://millercenter.org/the-presidency/presidential-speeches/december-2-1828-fourth-annual-message,"John_Quincy_Adams_1828-12-02T13:03:58-04:56_December_2,_1828:_Fourth_Annual_Message.json",18.59,28.55,18.27,22.49,12.5,7271,194
John Tyler,1841-12-07,1841,"December 7, 1841: First Annual Message",Annual Message,True,written,https://millercenter.org/the-presidency/presidential-speeches/december-7-1841-first-annual-message,"John_Tyler_1841-12-07T13:03:58-04:56_December_7,_1841:_First_Annual_Message.json",19.96,26.43,18.76,23.89,11.92,8240,197
John Tyler,1842-12-06,1842,"December 6, 1842: Second Annual Message",Annual Message,True,written,https://millercenter.org/the-presidency/presidential-speeches/december-6-1842-second-annual-message,"John_Tyler_1842-12-06T14:26:58-04:56_December_6,_1842:_Second_Annual_Message.json",19.53,28.03,18.63,23.58,11.93,8401,205
John Tyler,1843-12-05,1843,"December 5, 1843: Third Annual Message to Congress",Annual Message,True,written,https://millercenter.org/the-presidency/presidential-speeches/december-5-1843-third-annual-message-congress,"John_Tyler_1843-12-05T14:28:58-04:56_December_5,_1843:_Third_Annual_Message_to_Congress.json",20.04,25.8,19.04,24.14,12.01,8025,192
John Tyler,1844-12-03,1844,"December 3, 1844: Fourth Annual Message",Annual Message,True,written,https://millercenter.org/the-presidency/presidential-speeches/december-3-1844-fourth-annual-message,"John_Tyler_1844-12-03T14:36:58-04:56_December_3,_1844:_Fourth_Annual_Message.json",17.41,32.39,17.58,21.29,12.0,9311,267
Lyndon B. Johnson,1964-01-08,1964,"January 8, 1964: State of the Union",State of the Union,True,spoken,https://millercenter.org/the-presidency/presidential-speeches/january-8-1964-state-union,"Lyndon_B._Johnson_1964-01-08T13:00:00-05:00_January_8,_1964:_State_of_the_Union.json",12.42,48.89,13.81,15.43,10.58,3177,132
Lyndon B. Johnson,1965-01-04,1965,"January 4, 1965: State of the Union",State of the Union,True,spoken,https://millercenter.org/the-presidency/presidential-speeches/january-4-1965-state-union,"Lyndon_B._Johnson_1965-01-04T13:00:00-05:00_January_4,_1965:_State_of_the_Union.json",8.97,59.39,11.62,11.93,9.45,4337,270
Lyndon B. Johnson,1965-01-20,1965,"January 20, 1965: Inaugural Address",Inaugural Address,False,spoken,https://millercenter.org/the-presidency/presidential-speeches/january-20-1965-inaugural-address,"Lyndon_B._Johnson_1965-01-20T13:00:00-05:00_January_20,_1965:_Inaugural_Address.json",7.22,70.73,10.08,10.0,7.62,1479,96
Lyndon B. Johnson,1966-01-12,1966,"January 12, 1966: State of the Union",State of the Union,True,spoken,https://millercenter.org/the-presidency/presidential-speeches/january-12-1966-state-union,"Lyndon_B._Johnson_1966-01-12T13:00:00-05:00_January_12,_1966:_State_of_the_Union.json",10.97,54.66,12.91,14.06,10.23,5480,255
Lyndon B. Johnson,1967-01-10,1967,"January 10, 1967: State of the Union Address",State of the Union,True,spoken,https://millercenter.org/the-presidency/presidential-speeches/january-10-1967-state-union-address,"Lyndon_B._Johnson_1967-01-10T13:00:00-05:00_January_10,_1967:_State_of_the_Union_Address.json",10.81,53.68,12.8,13.76,10.34,14208,700
Lyndon B. Johnson,1968-01-17,1968,"January 17, 1968: State of the Union Address",State of the Union,True,spoken,https://millercenter.org/the-presidency/presidential-speeches/january-17-1968-state-union-address,"Lyndon_B._Johnson_1968-01-17T13:00:00-05:00_January_17,_1968:_State_of_the_Union_Address.json",10.37,54.79,12.46,13.23,10.46,9710,508
Lyndon B. Johnson,1969-01-14,1969,"January 14, 1969: State of the Union Address",State of the Union,True,spoken,https://millercenter.org/the-presidency/presidential-speeches/january-14-1969-state-union-address,"Lyndon_B._Johnson_1969-01-14T13:00:00-05:00_January_14,_1969:_State_of_the_Union_Address.json",10.65,56.36,12.85,13.94,9.79,8166,386
Martin Van Buren,1837-03-04,1837,"March 4, 1837: Inaugural Address",Inaugural Address,False,written,https://millercenter.org/the-presidency/presidential-speeches/march-4-1837-inaugural-address,"Martin_Van_Buren_1837-03-04T13:03:58-04:56_March_4,_1837:_Inaugural_Address.json",19.77,22.84,19.26,23.78,12.98,3826,98
Martin Van Buren,1837-12-05,1837,"December 5, 1837: First Annual Message to Congress",Annual Message,True,written,https://millercenter.org/the-presidency/presidential-speeches/december-5-1837-first-annual-message-congress,"Martin_Van_Buren_1837-12-05T13:03:58-04:56_December_5,_1837:_First_Annual_Message_to_Congress.json",19.78,25.5,19.08,23.91,12.47,11434,282
Martin Van Buren,1838-12-03,1838,"December 3, 1838: Second Annual Message to Congress",Annual Message,True,written,https://millercenter.org/the-presidency/presidential-speeches/december-3-1838-second-annual-message-congress,"Martin_Van_Buren_1838-12-03T13:03:58-04:56_December_3,_1838:_Second_Annual_Message_to_Congress.json",21.05,20.99,20.08,25.42,12.86,11474,266
Martin Van Buren,1839-12-02,1839,"December 2, 1839: Third Annual Message to Congress",Annual Message,True,written,https://millercenter.org/the-presidency/presidential-speeches/december-2-1839-third-annual-message-congress,"Martin_Van_Buren_1839-12-02T13:03:58-04:56_December_2,_1839:_Third_Annual_Message_to_Congress.json",18.99,28.77,18.38,22.96,12.14,13416,342
Martin Van Buren,1840-12-05,1840,"December 5, 1840: Fourth Annual Message to Congress",Annual Message,True,written,https://millercenter.org/the-presidency/presidential-speeches/december-5-1840-fourth-annual-message-congress,"Martin_Van_Buren_1840-12-05T13:03:58-04:56_December_5,_1840:_Fourth_Annual_Message_to_Congress.json",23.79,12.88,21.56,28.23,13.17,8978,181
Millard Fillmore,1850-12-02,1850,"December 2, 1850: First Annual Message",Annual Message,True,written,https://millercenter.org/the-presidency/presidential-speeches/december-2-1850-first-annual-message,"Millard_Fillmore_1850-12-02T13:03:58-04:56_December_2,_1850:_First_Annual_Message.json",18.77,23.9,18.88,22.78,14.46,7690,216
Millard Fillmore,1851-12-02,1851,"December 2, 1851: Second Annual Message",Annual Message,True,written,https://millercenter.org/the-presidency/presidential-speeches/december-2-1851-second-annual-message,"Millard_Fillmore_1851-12-02T13:07:58-04:56_December_2,_1851:_Second_Annual_Message.json",18.2,31.22,17.97,22.18,12.13,13244,354
Millard Fillmore,1852-12-06,1852,"December 6, 1852: Third Annual Message",Annual Message,True,written,https://millercenter.org/the-presidency/presidential-speeches/december-6-1852-third-annual-message,"Millard_Fillmore_1852-12-06T13:09:58-04:56_December_6,_1852:_Third_Annual_Message.json",17.28,32.72,17.53,21.18,12.11,9923,287
Richard M. Nixon,1969-01-20,1969,"January 20, 1969: First Inaugural Address",Inaugural Address,False,spoken,https://millercenter.org/the-presidency/presidential-speeches/january-20-1969-first-inaugural-address,"Richard_M._Nixon_1969-01-20T13:00:00-05:00_January_20,_1969:_First_Inaugural_Address.json",9.01,65.82,11.03,11.8,8.11,2104,106
Richard M. Nixon,1970-01-22,1970,"January 22, 1970: State of the Union Address",State of the Union,True,spoken,https://millercenter.org/the-presidency/presidential-speeches/january-22-1970-state-union-address,"Richard_M._Nixon_1970-01-22T13:00:00-05:00_January_22,_1970:_State_of_the_Union_Address.json",11.31,53.88,12.97,14.25,9.61,4455,199
Richard M. Nixon,1971-01-22,1971,"January 22, 1971: State of the Union Address",State of the Union,True,spoken,https://millercenter.org/the-presidency/presidential-speeches/january-22-1971-state-union-address,"Richard_M._Nixon_1971-01-22T13:00:00-05:00_January_22,_1971:_State_of_the_Union_Address.json",11.32,54.64,13.19,14.57,9.98,4480,196
Richard M. Nixon,1972-01-20,1972,"January 20, 1972: State of the Union Address",State of the Union,True,spoken,https://millercenter.org/the-presidency/presidential-speeches/january-20-1972-state-union-address,"Richard_M._Nixon_1972-01-20T13:00:00-05:00_January_20,_1972:_State_of_the_Union_Address.json",11.67,51.57,13.35,14.69,10.28,3967,176
Richard M. Nixon,1973-01-20,1973,"January 20, 1973: Second Inaugural Address",Inaugural Address,False,spoken,https://millercenter.org/the-presidency/presidential-speeches/january-20-1973-second-inaugural-address,"Richard_M._Nixon_1973-01-20T13:00:00-05:00_January_20,_1973:_Second_Inaugural_Address.json",12.16,53.99,13.1,15.05,9.06,1785,69
Richard M. Nixon,1974-01-30,1974,"January 30, 1974: State of the Union Address",State of the Union,True,spoken,https://millercenter.org/the-presidency/presidential-speeches/january-30-1974-state-union-address,"Richard_M._Nixon_1974-01-30T13:00:00-04:00_January_30,_1974:_State_of_the_Union_Address.json",12.56,50.28,13.84,15.7,9.8,5156,203
Ronald Reagan,1981-01-20,1981,"January 20, 1981: First Inaugural Address",Inaugural Address,False,spoken,https://millercenter.org/the-presidency/presidential-speeches/january-20-1981-first-inaugural-address,"Ronald_Reagan_1981-01-20T13:00:00-05:00_January_20,_1981:_First_Inaugural_Address.json",9.76,58.45,12.17,12.84,9.13,2417,129
Ronald Reagan,1982-01-26,1982,"January 26, 1982: State of the Union Address",State of the Union,True,spoken,https://millercenter.org/the-presidency/presidential-speeches/january-26-1982-state-union-address,"Ronald_Reagan_1982-01-26T13:00:00-05:00_January_26,_1982:_State_of_the_Union_Address.json",11.35,50.27,13.43,14.55,11.19,5156,251
Ronald Reagan,1983-01-25,1983,"January 25, 1983: State of the Union Address",State of the Union,True,spoken,https://millercenter.org/the-presidency/presidential-speeches/january-25-1983-state-union-address,"Ronald_Reagan_1983-01-25T13:00:00-05:00_January_25,_1983:_State_of_the_Union_Address.json",11.72,48.81,13.59,14.81,11.06,5536,261
Ronald Reagan,1984-01-25,1984,"January 25, 1984: State of the Union Address",State of the Union,True,spoken,https://millercenter.org/the-presidency/presidential-speeches/january-25-1984-state-union-address,"Ronald_Reagan_1984-01-25T13:00:00-05:00_January_25,_1984:_State_of_the_Union_Address.json",9.77,55.14,12.24,12.78,10.64,4939,292
Ronald Reagan,1985-01-21,1985,"January 21, 1985: Second Inaugural Address",Inaugural Address,False,spoken,https://millercenter.org/the-presidency/presidential-speeches/january-21-1985-second-inaugural-address,"Ronald_Reagan_1985-01-21T13:00:00-05:00_January_21,_1985:_Second_Inaugural_Address.json",10.18,57.72,12.33,13.19,9.44,2560,128
Ronald Reagan,1985-02-06,1985,"February 6, 1985: State of the Union Address",State of the Union,True,spoken,https://millercenter.org/the-presidency/presidential-speeches/february-6-1985-state-union-address,"Ronald_Reagan_1985-02-06T13:00:00-05:00_February_6,_1985:_State_of_the_Union_Address.json",10.55,53.03,12.87,13.72,10.82,4212,223
Ronald Reagan,1986-02-04,1986,"February 4, 1986: State of the Union Address",State of the Union,True,spoken,https://millercenter.org/the-presidency/presidential-speeches/february-4-1986-state-union-address,"Ronald_Reagan_1986-02-04T13:00:00-05:00_February_4,_1986:_State_of_the_Union_Address.json",10.56,54.64,12.59,13.46,10.08,3470,175
Ronald Reagan,1987-01-27,1987,"January 27, 1987: State of the Union Address",State of the Union,True,spoken,https://millercenter.org/the-presidency/presidential-speeches/january-27-1987-state-union-address,"Ronald_Reagan_1987-01-27T13:00:00-05:00_January_27,_1987:_State_of_the_Union_Address.json",10.23,55.26,12.39,13.12,10.23,3767,200
Ronald Reagan,1988-01-25,1988,"January 25, 1988: State of the Union Address",State of the Union,True,spoken,https://millercenter.org/the-presidency/presidential-speeches/january-25-1988-state-union-address,"Ronald_Reagan_1988-01-25T13:00:00-05:00_January_25,_1988:_State_of_the_Union_Address.json",11.51,50.89,13.47,14.7,10.54,4825,224
Rutherford B. Hayes,1877-03-05,1877,"March 5, 1877: Inaugural Address",Inaugural Address,False,written,https://millercenter.org/the-presidency/presidential-speeches/march-5-1877-inaugural-address,"Rutherford_B._Hayes_1877-03-05T13:03:58-04:56_March_5,_1877:_Inaugural_Address.json",20.23,24.56,18.94,24.06,12.5,2469,59
Rutherford B. Hayes,1877-12-03,1877,"December 3, 1877: First Annual Message",Annual Message,True,written,https://millercenter.org/the-presidency/presidential-speeches/december-3-1877-first-annual-message,"Rutherford_B._Hayes_1877-12-03T13:03:58-04:56_December_3,_1877:_First_Annual_Message.json",17.98,29.56,18.03,21.88,12.49,10711,301
Rutherford B. Hayes,1878-12-02,1878,"December 2, 1878: Second Annual Message",Annual Message,True,written,https://millercenter.org/the-presidency/presidential-speeches/december-2-1878-second-annual-message,"Rutherford_B._Hayes_1878-12-02T13:03:58-04:56_December_2,_1878:_Second_Annual_Message.json",17.38,30.42,17.95,21.46,12.9,7878,234
Rutherford B. Hayes,1879-12-01,1879,"December 1, 1879: Third Annual Message",Annual Message,True,written,https://millercenter.org/the-presidency/presidential-speeches/december-1-1879-third-annual-message,"Rutherford_B._Hayes_1879-12-01T13:03:58-04:56_December_1,_1879:_Third_Annual_Message.json",18.87,26.2,18.76,22.95,12.82,11633,312
Rutherford B. Hayes,1880-12-06,1880,"December 6, 1880: Fourth Annual Message",Annual Message,True,written,https://millercenter.org/the-presidency/presidential-speeches/december-6-1880-fourth-annual-message,"Rutherford_B._Hayes_1880-12-06T13:03:58-04:56_December_6,_1880:_Fourth_Annual_Message.json",16.16,32.68,17.19,20.08,12.92,13333,444
Theodore Roosevelt,1901-12-03,1901,"December 3, 1901: First Annual Message",Annual Message,True,written,https://millercenter.org/the-presidency/presidential-speeches/december-3-1901-first-annual-message,"Theodore_Roosevelt_1901-12-03T13:00:00-05:00_December_3,_1901:_First_Annual_Message.json",14.7,40.91,15.75,18.29,11.45,19588,681
Theodore Roosevelt,1902-12-02,1902,"December 2, 1902: Second Annual Message",Annual Message,True,written,https://millercenter.org/the-presidency/presidential-speeches/december-2-1902-second-annual-message,"Theodore_Roosevelt_1902-12-02T13:00:00-05:00_December_2,_1902:_Second_Annual_Message.json",15.01,39.83,15.97,18.64,11.45,9758,332
Theodore Roosevelt,1903-12-07,1903,"December 7, 1903: Third Annual Message",Annual Message,True,written,https://millercenter.org/the-presidency/presidential-speeches/december-7-1903-third-annual-message,"Theodore_Roosevelt_1903-12-07T13:00:00-05:00_December_7,_1903:_Third_Annual_Message.json",15.59,36.19,16.64,19.41,12.26,14876,501
Theodore Roosevelt,1904-12-06,1904,"December 6, 1904: Fourth Annual Message",Annual Message,True,written,https://millercenter.org/the-presidency/presidential-speeches/december-6-1904-fourth-annual-message,"Theodore_Roosevelt_1904-12-06T13:00:00-05:00_December_6,_1904:_Fourth_Annual_Message.json",16.43,35.53,16.75,20.04,11.95,17406,532
Theodore Roosevelt,1905-03-04,1905,"March 4, 1905: Inaugural Address",Inaugural Address,False,written,https://millercenter.org/the-presidency/presidential-speeches/march-4-1905-inaugural-address,"Theodore_Roosevelt_1905-03-04T13:00:00-05:00_March_4,_1905:_Inaugural_Address.json",15.57,39.35,15.32,18.35,12.2,910,29
Theodore Roosevelt,1905-12-05,1905,"December 5, 1905: Fifth Annual Message",Annual Message,True,written,https://millercenter.org/the-presidency/presidential-speeches/december-5-1905-fifth-annual-message,"Theodore_Roosevelt_1905-12-05T13:00:00-05:00_December_5,_1905:_Fifth_Annual_Message.json",15.79,37.99,16.37,19.43,11.45,25033,794
Theodore Roosevelt,1906-12-03,1906,"December 3, 1906: Sixth Annual Message",Annual Message,True,written,https://millercenter.org/the-presidency/presidential-speeches/december-3-1906-sixth-annual-message,"Theodore_Roosevelt_1906-12-03T13:00:00-05:00_December_3,_1906:_Sixth_Annual_Message.json",17.11,35.52,16.9,20.74,11.33,23575,665
Theodore Roosevelt,1907-12-03,1907,"December 3, 1907: Seventh Annual Message",Annual Message,True,written,https://millercenter.org/the-presidency/presidential-speeches/december-3-1907-seventh-annual-message,"Theodore_Roosevelt_1907-12-03T13:00:00-05:00_December_3,_1907:_Seventh_Annual_Message.json",15.93,37.84,16.55,19.7,11.59,27378,856
Theodore Roosevelt,1908-12-09,1908,"December 9, 1908: Eighth Annual Message",Annual Message,True,written,https://millercenter.org/the-presidency/presidential-speeches/december-9-1908-eighth-annual-message,"Theodore_Roosevelt_1908-12-09T13:00:00-05:00_December_9,_1908:_Eighth_Annual_Message.json",15.52,38.48,16.16,19.06,11.79,19376,631
Thomas Jefferson,1801-03-04,1801,"March 4, 1801: First Inaugural Address",Inaugural Address,False,written,https://millercenter.org/the-presidency/presidential-speeches/march-4-1801-first-inaugural-address,"Thomas_Jefferson_1801-03-04T13:03:58-04:56_March_4,_1801:_First_Inaugural_Address.json",18.95,32.12,17.48,22.54,11.48,1720,42
Thomas Jefferson,1801-12-08,1801,"December 8, 1801: First Annual Message",Annual Message,True,written,https://millercenter.org/the-presidency/presidential-speeches/december-8-1801-first-annual-message,"Thomas_Jefferson_1801-12-08T13:03:58-04:56_December_8,_1801:_First_Annual_Message.json",17.64,31.14,17.77,21.53,12.18,3232,92
Thomas Jefferson,1802-12-15,1802,"December 15, 1802: Second Annual Message",Annual Message,True,written,https://millercenter.org/the-presidency/presidential-speeches/december-15-1802-second-annual-message,"Thomas_Jefferson_1802-12-15T13:03:58-04:56_December_15,_1802:_Second_Annual_Message.json",17.43,34.09,17.02,20.96,11.74,2120,59
Thomas Jefferson,1803-10-17,1803,"October 17, 1803: Third Annual Message",Annual Message,True,written,https://millercenter.org/the-presidency/presidential-speeches/october-17-1803-third-annual-message,"Thomas_Jefferson_1803-10-17T13:03:58-04:56_October_17,_1803:_Third_Annual_Message.json",23.25,15.31,20.25,26.89,13.39,2295,47
Thomas Jefferson,1804-11-08,1804,"November 8, 1804: Fourth Annual Message",Annual Message,True,written,https://millercenter.org/the-presidency/presidential-speeches/november-8-1804-fourth-annual-message,"Thomas_Jefferson_1804-11-08T13:03:58-04:56_November_8,_1804:_Fourth_Annual_Message.json",19.63,27.43,18.33,23.31,12.34,2093,51
Thomas Jefferson,1805-03-04,1805,"March 4, 1805: Second Inaugural Address",Inaugural Address,False,written,https://millercenter.org/the-presidency/presidential-speeches/march-4-1805-second-inaugural-address,"Thomas_Jefferson_1805-03-04T13:03:58-04:56_March_4,_1805:_Second_Inaugural_Address.json",24.07,18.18,19.88,27.89,12.26,2149,40
Thomas Jefferson,1805-12-03,1805,"December 3, 1805: Fifth Annual Message",Annual Message,True,written,https://millercenter.org/the-presidency/presidential-speeches/december-3-1805-fifth-annual-message,"Thomas_Jefferson_1805-12-03T13:03:58-04:56_December_3,_1805:_Fifth_Annual_Message.json",17.71,34.82,16.97,21.25,11.49,2885,77
Thomas Jefferson,1806-12-02,1806,"December 2, 1806: Sixth Annual Message",Annual Message,True,written,https://millercenter.org/the-presidency/presidential-speeches/december-2-1806-sixth-annual-message,"Thomas_Jefferson_1806-12-02T13:03:58-04:56_December_2,_1806:_Sixth_Annual_Message.json",19.45,27.69,17.91,22.8,12.25,2874,71
Thomas Jefferson,1807-10-27,1807,"October 27, 1807: Seventh Annual Message",Annual Message,True,written,https://millercenter.org/the-presidency/presidential-speeches/october-27-1807-seventh-annual-message,"Thomas_Jefferson_1807-10-27T13:03:58-04:56_October_27,_1807:_Seventh_Annual_Message.json",19.04,28.71,17.95,22.6,12.22,2364,60
Thomas Jefferson,1808-11-08,1808,"November 8, 1808: Eighth Annual Message",Annual Message,True,written,https://millercenter.org/the-presidency/presidential-speeches/november-8-1808-eighth-annual-message,"Thomas_Jefferson_1808-11-08T13:03:58-04:56_November_8,_1808:_Eighth_Annual_Message.json",18.5,29.31,18.12,22.36,12.5,2705,72
Ulysses S. Grant,1869-03-04,1869,"March 4, 1869: First Inaugural Address",Inaugural Address,False,written,https://millercenter.org/the-presidency/presidential-speeches/march-4-1869-first-inaugural-address,"Ulysses_S._Grant_1869-03-04T13:03:58-04:56_March_4,_1869:_First_Inaugural_Address.json",14.04,44.4,15.01,17.39,10.7,1123,40
Ulysses S. Grant,1869-12-06,1869,"December 6, 1869: First Annual Message",Annual Message,True,written,https://millercenter.org/the-presidency/presidential-speeches/december-6-1869-first-annual-message,"Ulysses_S._Grant_1869-12-06T13:03:58-04:56_December_6,_1869:_First_Annual_Message.json",15.93,37.2,16.77,19.87,11.85,7687,243
Ulysses S. Grant,1870-12-05,1870,"December 5, 1870: Second Annual Message",Annual Message,True,written,https://millercenter.org/the-presidency/presidential-speeches/december-5-1870-second-annual-message,"Ulysses_S._Grant_1870-12-05T13:03:58-04:56_December_5,_1870:_Second_Annual_Message.json",16.43,35.77,16.95,20.27,11.8,8733,266
Ulysses S. Grant,1871-12-04,1871,"December 4, 1871: Third Annual Message",Annual Message,True,written,https://millercenter.org/the-presidency/presidential-speeches/december-4-1871-third-annual-message,"Ulysses_S._Grant_1871-12-04T13:03:58-04:56_December_4,_1871:_Third_Annual_Message.json",16.09,34.63,17.2,20.21,12.07,6447,209
Ulysses S. Grant,1872-12-02,1872,"December 2, 1872: Fourth Annual Message",Annual Message,True,written,https://millercenter.org/the-presidency/presidential-speeches/december-2-1872-fourth-annual-message,"Ulysses_S._Grant_1872-12-02T13:03:58-04:56_December_2,_1872:_Fourth_Annual_Message.json",17.57,31.75,17.73,21.49,12.46,10093,287
Ulysses S. Grant,1873-03-04,1873,"March 4, 1873: Second Inaugural Address",Inaugural Address,False,written,https://millercenter.org/the-presidency/presidential-speeches/march-4-1873-second-inaugural-address,"Ulysses_S._Grant_1873-03-04T13:03:58-04:56_March_4,_1873:_Second_Inaugural_Address.json",15.39,41.2,15.25,18.36,10.8,1332,42
Ulysses S. Grant,1873-12-01,1873,"December 1, 1873: Fifth Annual Message",Annual Message,True,written,https://millercenter.org/the-presidency/presidential-speeches/december-1-1873-fifth-annual-message,"Ulysses_S._Grant_1873-12-01T13:03:58-04:56_December_1,_1873:_Fifth_Annual_Message.json",17.36,32.55,17.55,21.24,12.17,10022,288
Ulysses S. Grant,1874-12-07,1874,"December 7, 1874: Sixth Annual Message",Annual Message,True,written,https://millercenter.org/the-presidency/presidential-speeches/december-7-1874-sixth-annual-message,"Ulysses_S._Grant_1874-12-07T13:03:58-04:56_December_7,_1874:_Sixth_Annual_Message.json",17.05,33.59,17.56,21.13,12.1,9793,287
Ulysses S. Grant,1875-12-07,1875,"December 7, 1875: Seventh Annual Message",Annual Message,True,written,https://millercenter.org/the-presidency/presidential-speeches/december-7-1875-seventh-annual-message,"Ulysses_S._Grant_1875-12-07T13:03:58-04:56_December_7,_1875:_Seventh_Annual_Message.json",17.45,32.74,17.58,21.36,12.09,12200,346
Ulysses S. Grant,1876-12-05,1876,"December 5, 1876: Eighth Annual Message",Annual Message,True,written,https://millercenter.org/the-presidency/presidential-speeches/december-5-1876-eighth-annual-message,"Ulysses_S._Grant_1876-12-05T13:03:58-04:56_December_5,_1876:_Eighth_Annual_Message.json",17.73,31.59,17.88,21.76,12.18,6790,190
Warren G. Harding,1921-03-04,1921,"March 4, 1921: Inaugural Address",Inaugural Address,False,spoken,https://millercenter.org/the-presidency/presidential-speeches/march-4-1921-inaugural-address,"Warren_G._Harding_1921-03-04T13:00:00-05:00_March_4,_1921:_Inaugural_Address.json",14.24,36.38,15.54,17.5,12.95,3242,133
Warren G. Harding,1921-12-06,1921,"December 6, 1921: First Annual Message",Annual Message,True,spoken,https://millercenter.org/the-presidency/presidential-speeches/december-6-1921-first-annual-message,"Warren_G._Harding_1921-12-06T13:00:00-05:00_December_6,_1921:_First_Annual_Message.json",15.08,34.83,16.65,19.09,12.55,5595,208
Warren G. Harding,1922-12-08,1922,"December 8, 1922: Second Annual Message",Annual Message,True,spoken,https://millercenter.org/the-presidency/presidential-speeches/december-8-1922-second-annual-message,"Warren_G._Harding_1922-12-08T13:00:00-05:00_December_8,_1922:_Second_Annual_Message.json",14.47,36.6,15.97,18.12,12.78,5742,226
William Harrison,1841-03-04,1841,"March 4, 1841: Inaugural Address",Inaugural Address,False,written,https://millercenter.org/the-presidency/presidential-speeches/march-4-1841-inaugural-address,"William_Harrison_1841-03-04T13:03:58-04:56_March_4,_1841:_Inaugural_Address.json",19.1,28.58,18.47,23.11,11.74,8423,213
William McKinley,1897-03-04,1897,"March 4, 1897: First Inaugural Address",Inaugural Address,False,written,https://millercenter.org/the-presidency/presidential-speeches/march-4-1897-first-inaugural-address,"William_McKinley_1897-03-04T13:00:00-05:00_March_4,_1897:_First_Inaugural_Address.json",17.13,27.27,17.53,20.59,14.32,3646,118
William McKinley,1897-12-06,1897,"December 6, 1897: First Annual Message",Annual Message,True,written,https://millercenter.org/the-presidency/presidential-speeches/december-6-1897-first-annual-message,"William_McKinley_1897-12-06T13:00:00-05:00_December_6,_1897:_First_Annual_Message.json",16.68,33.9,17.32,20.65,12.09,12111,369
William McKinley,1898-12-05,1898,"December 5, 1898: Second Annual Message",Annual Message,True,written,https://millercenter.org/the-presidency/presidential-speeches/december-5-1898-second-annual-message,"William_McKinley_1898-12-05T13:00:00-05:00_December_5,_1898:_Second_Annual_Message.json",17.65,29.19,18.07,21.66,12.77,20207,593
William McKinley,1899-12-05,1899,"December 5, 1899: Third Annual Message",Annual Message,True,written,https://millercenter.org/the-presidency/presidential-speeches/december-5-1899-third-annual-message,"William_McKinley_1899-12-05T13:00:00-05:00_December_5,_1899:_Third_Annual_Message.json",17.09,30.22,17.91,21.23,12.77,22812,704
William McKinley,1900-12-03,1900,"December 3, 1900: Fourth Annual Message",Annual Message,True,written,https://millercenter.org/the-presidency/presidential-speeches/december-3-1900-fourth-annual-message,"William_McKinley_1900-12-03T13:00:00-05:00_December_3,_1900:_Fourth_Annual_Message.json",17.37,29.71,17.9,21.34,13.08,19138,576
William McKinley,1901-03-04,1901,"March 4, 1901: Second Inaugural Address",Inaugural Address,False,written,https://millercenter.org/the-presidency/presidential-speeches/march-4-1901-second-inaugural-address,"William_McKinley_1901-03-04T13:00:00-05:00_March_4,_1901:_Second_Inaugural_Address.json",13.72,36.24,15.52,17.36,14.44,2042,92
William Taft,1909-03-04,1909,"March 4, 1909: Inaugural Address",Inaugural Address,False,written,https://millercenter.org/the-presidency/presidential-speeches/march-4-1909-inaugural-address,"William_Taft_1909-03-04T13:00:00-05:00_March_4,_1909:_Inaugural_Address.json",18.38,25.36,18.53,22.28,14.14,5020,144
William Taft,1909-12-07,1909,"December 7, 1909: First Annual Message",Annual Message,True,written,https://millercenter.org/the-presidency/presidential-speeches/december-7-1909-first-annual-message,"William_Taft_1909-12-07T13:00:00-05:00_December_7,_1909:_First_Annual_Message.json",18.52,26.34,18.82,22.78,12.82,13889,386
William Taft,1910-12-06,1910,"December 6, 1910: Second Annual Message",Annual Message,True,written,https://millercenter.org/the-presidency/presidential-speeches/december-6-1910-second-annual-message,"William_Taft_1910-12-06T13:00:00-05:00_December_6,_1910:_Second_Annual_Message.json",16.92,32.59,17.56,20.94,12.73,27427,830
William Taft,1911-12-05,1911,"December 5, 1911: Third Annual Message",Annual Message,True,written,https://millercenter.org/the-presidency/presidential-speeches/december-5-1911-third-annual-message,"William_Taft_1911-12-05T13:00:00-05:00_December_5,_1911:_Third_Annual_Message.json",17.13,31.89,17.7,21.17,12.39,23729,709
William Taft,1912-12-03,1912,"December 3, 1912: Fourth Annual Message",Annual Message,True,written,https://millercenter.org/the-presidency/presidential-speeches/december-3-1912-fourth-annual-message,"William_Taft_1912-12-03T13:00:00-05:00_December_3,_1912:_Fourth_Annual_Message.json",17.65,29.3,18.02,21.62,12.68,25159,737
Woodrow Wilson,1913-03-04,1913,"March 4, 1913: First Inaugural Address",Inaugural Address,False,spoken,https://millercenter.org/the-presidency/presidential-speeches/march-4-1913-first-inaugural-address,"Woodrow_Wilson_1913-03-04T13:00:00-05:00_March_4,_1913:_First_Inaugural_Address.json",12.87,48.83,14.13,16.07,11.63,1576,61
Woodrow Wilson,1913-12-02,1913,"December 2, 1913: First Annual Message",Annual Message,True,spoken,https://millercenter.org/the-presidency/presidential-speeches/december-2-1913-first-annual-message,"Woodrow_Wilson_1913-12-02T13:00:00-05:00_December_2,_1913:_First_Annual_Message.json",15.81,40.29,15.87,19.2,10.83,3553,108
Woodrow Wilson,1914-12-08,1914,"December 8, 1914: Second Annual Message",Annual Message,True,spoken,https://millercenter.org/the-presidency/presidential-speeches/december-8-1914-second-annual-message,"Woodrow_Wilson_1914-12-08T13:00:00-05:00_December_8,_1914:_Second_Annual_Message.json",12.17,54.19,13.24,15.23,9.48,4533,174
Woodrow Wilson,1915-12-07,1915,"December 7, 1915: Third Annual Message",Annual Message,True,spoken,https://millercenter.org/the-presidency/presidential-speeches/december-7-1915-third-annual-message,"Woodrow_Wilson_1915-12-07T13:00:00-05:00_December_7,_1915:_Third_Annual_Message.json",16.44,38.6,16.42,20.07,11.08,7686,223
Woodrow Wilson,1916-12-05,1916,"December 5, 1916: Fourth Annual Message",Annual Message,True,spoken,https://millercenter.org/the-presidency/presidential-speeches/december-5-1916-fourth-annual-message,"Woodrow_Wilson_1916-12-05T13:00:00-05:00_December_5,_1916:_Fourth_Annual_Message.json",19.74,24.67,18.69,23.4,12.5,2117,53
Woodrow Wilson,1917-03-05,1917,"March 5, 1917: Second Inaugural Address",Inaugural Address,False,spoken,https://millercenter.org/the-presidency/presidential-speeches/march-5-1917-second-inaugural-address,"Woodrow_Wilson_1917-03-05T13:00:00-05:00_March_5,_1917:_Second_Inaugural_Address.json",12.57,50.93,13.35,15.29,10.87,1420,55
Woodrow Wilson,1917-12-04,1917,"December 4, 1917: Fifth Annual Message",Annual Message,True,spoken,https://millercenter.org/the-presidency/presidential-speeches/december-4-1917-fifth-annual-message,"Woodrow_Wilson_1917-12-04T13:00:00-05:00_December_4,_1917:_Fifth_Annual_Message.json",13.4,49.88,14.05,16.55,9.84,3915,137
Woodrow Wilson,1918-12-02,1918,"December 2, 1918: Sixth Annual Message",Annual Message,True,spoken,https://millercenter.org/the-presidency/presidential-speeches/december-2-1918-sixth-annual-message,"Woodrow_Wilson_1918-12-02T13:00:00-05:00_December_2,_1918:_Sixth_Annual_Message.json",15.66,42.85,15.61,19.15,10.7,5462,162
Woodrow Wilson,1919-12-02,1919,"December 2, 1919: Seventh Annual Message",Annual Message,True,spoken,https://millercenter.org/the-presidency/presidential-speeches/december-2-1919-seventh-annual-message,"Woodrow_Wilson_1919-12-02T13:00:00-05:00_December_2,_1919:_Seventh_Annual_Message.json",15.27,37.85,16.28,18.96,12.03,4754,162
Woodrow Wilson,1920-12-07,1920,"December 7, 1920: Eighth Annual Message",Annual Message,True,spoken,https://millercenter.org/the-presidency/presidential-speeches/december-7-1920-eighth-annual-message,"Woodrow_Wilson_1920-12-07T13:00:00-05:00_December_7,_1920:_Eighth_Annual_Message.json",17.92,32.62,17.27,21.43,11.94,2706,73
Zachary Taylor,1849-03-05,1849,"March 5, 1849: Inaugural Address",Inaugural Address,False,written,https://millercenter.org/the-presidency/presidential-speeches/march-5-1849-inaugural-address,"Zachary_Taylor_1849-03-05T13:03:58-04:56_March_5,_1849:_Inaugural_Address.json",23.69,12.81,21.03,27.66,13.01,1082,22
Zachary Taylor,1849-12-04,1849,"December 4, 1849: First Annual Message",Annual Message,True,written,https://millercenter.org/the-presidency/presidential-speeches/december-4-1849-first-annual-message,"Zachary_Taylor_1849-12-04T11:42:58-04:56_December_4,_1849:_First_Annual_Message.json",18.43,27.82,18.5,22.52,12.44,7617,209
